Workbook

Sheet Full Analysis
B1: 9.05 | J1: 11.06 | R1: 11.06
A2: NR Q No. | B2: H | C2: PBL | D2: FBL | E2: PRK | F2: FRK | G2: NA | H2: OG | I2: Total | J2: H | K2: PBL | L2: FBL | M2: PRK | N2: FRK | O2: NA | P2: OG | Q2: Total | R2: H | S2: PBL | T2: FBL | U2: PRK | V2: FRK | W2: NA | X2: OG | Y2: Total
A3: Q1 | B3: 0 | C3: 0 | D3: 0 | E3: 0 | F3: 0 | G3: 0 | H3: 0 | I3: =SUM(B3:H3) -> 0 | J3: 0 | K3: 0 | L3: 0 | M3: 0 | N3: 0 | O3: 0 | P3: 0 | Q3: =SUM(J3:P3) -> 0
A4: Q2 | B4: 0 | C4: 0 | D4: 0 | E4: 0 | F4: 0 | G4: 0 | H4: 0 | I4: =SUM(B4:H4) -> 0 | J4: 0 | K4: 0 | L4: 0 | M4: 0 | N4: 0 | O4: 0 | P4: 0 | Q4: =SUM(J4:P4) -> 0
A5: Q3 | B5: 0 | C5: 0 | D5: 0 | E5: 0 | F5: 0 | G5: 0 | H5: 0 | I5: =SUM(B5:H5) -> 0 | J5: 0 | K5: 0 | L5: 0 | M5: 0 | N5: 0 | O5: 0 | P5: 0 | Q5: =SUM(J5:P5) -> 0
A6: Q4 | B6: 0 | C6: 0 | D6: 0 | E6: 0 | F6: 0 | G6: 0 | H6: 0 | I6: =SUM(B6:H6) -> 0 | J6: 0 | K6: 0 | L6: 0 | M6: 0 | N6: 0 | O6: 0 | P6: 0 | Q6: =SUM(J6:P6) -> 0
A7: Q5 | B7: 0 | C7: 0 | D7: 0 | E7: 0 | F7: 0 | G7: 0 | H7: 0 | I7: =SUM(B7:H7) -> 0 | J7: 0 | K7: 0 | L7: 0 | M7: 0 | N7: 0 | O7: 0 | P7: 0 | Q7: =SUM(J7:P7) -> 0
A8: Q6 | B8: 0 | C8: 0 | D8: 0 | E8: 0 | F8: 0 | G8: 0 | H8: 0 | I8: =SUM(B8:H8) -> 0 | J8: 0 | K8: 0 | L8: 0 | M8: 0 | N8: 0 | O8: 0 | P8: 0 | Q8: =SUM(J8:P8) -> 0
A9: Q7 | B9: 0 | C9: 0 | D9: 0 | E9: 0 | F9: 0 | G9: 0 | H9: 0 | I9: =SUM(B9:H9) -> 0 | J9: 0 | K9: 0 | L9: 0 | M9: 0 | N9: 0 | O9: 0 | P9: 0 | Q9: =SUM(J9:P9) -> 0
A10: Q8 | B10: 0 | C10: 0 | D10: 0 | E10: 0 | F10: 0 | G10: 0 | H10: 0 | I10: =SUM(B10:H10) -> 0 | J10: 0 | K10: 0 | L10: 0 | M10: 0 | N10: 0 | O10: 0 | P10: 0 | Q10: =SUM(J10:P10) -> 0
A11: Q9 | B11: 0 | C11: 0 | D11: 0 | E11: 0 | F11: 0 | G11: 0 | H11: 0 | I11: =SUM(B11:H11) -> 0 | J11: 0 | K11: 0 | L11: 0 | M11: 0 | N11: 0 | O11: 0 | P11: 0 | Q11: =SUM(J11:P11) -> 0
A12: Q10 | B12: 0 | C12: 0 | D12: 0 | E12: 0 | F12: 0 | G12: 0 | H12: 0 | I12: =SUM(B12:H12) -> 0 | J12: 0 | K12: 0 | L12: 0 | M12: 0 | N12: 0 | O12: 0 | P12: 0 | Q12: =SUM(J12:P12) -> 0
A13: Q11 | B13: 0 | C13: 0 | D13: 0 | E13: 0 | F13: 0 | G13: 0 | H13: 0 | I13: =SUM(B13:H13) -> 0 | J13: 0 | K13: 0 | L13: 0 | M13: 0 | N13: 0 | O13: 0 | P13: 0 | Q13: =SUM(J13:P13) -> 0
A14: Q12 | B14: 0 | C14: 0 | D14: 0 | E14: 0 | F14: 0 | G14: 0 | H14: 0 | I14: =SUM(B14:H14) -> 0 | J14: 0 | K14: 0 | L14: 0 | M14: 0 | N14: 0 | O14: 0 | P14: 0 | Q14: =SUM(J14:P14) -> 0
... A42: Q40 | B42: 0 | C42: 0 | D42: 0 | E42: 0 | F42: 0 | G42: 0 | H42: 0 | I42: =SUM(B42:H42) -> 0 | J42: 0 | K42: 0 | L42: 0 | M42: 0 | N42: 0 | O42: 0 | P42: 0 | Q42: =SUM(J42:P42) -> 0

Sheet AR Blocks Analysis - Quadrat-le
B1: 09.05 | J1: 13.06 | R1: 03.08 | Z1: 27.08
A2: Quadrat | B2: Coral Count | C2: Healthy Count | D2: H | E2: PBL | F2: FBL | G2: PRK | H2: FRK | I2: TOTAL | J2: Coral Count | K2: Healthy Count | L2: H | M2: PBL | N2: FBL | O2: PRK | P2: FRK | Q2: TOTAL | R2: Coral Count | S2: Healthy Count | T2: H | U2: PBL | V2: FBL | W2: PRK | X2: FRK | Y2: TOTAL | Z2: Coral Count | AA2: Healthy Count | AB2: H | AC2: PBL | AD2: FBL | AE2: PRK | AF2: FRK | AG2: DIS | AH2: TOTAL
A3: Block1_Q1 | B3: =COUNTIFS('Mango Blocks - 09.05 - LONG'!$E:$E,"<>NA",'Mango Blocks - 09.05 - LONG'!$E:$E,"<>OG",'Mango Blocks - 09.05 - LONG'!$E:$E,"<>-",'Mango Blocks - 09.05 - LONG'!$C:$C,$A3) -> 0 | C3: =IF($B3=0,"NA",COUNTIFS('Mango Blocks - 09.05 - LONG'!$E:$E,"H",'Mango Blocks - 09.05 - LONG'!$C:$C,$A3)) -> NA | D3: =IF($B3=0,"NA",COUNTIFS('Mango Blocks - 09.05 - LONG'!$E:$E,"H",'Mango Blocks - 09.05 - LONG'!$C:$C,$A3)/B3) -> NA | E3: =IF($B3=0,"NA",COUNTIFS('Mango Blocks - 09.05 - LONG'!$E:$E,"PBL",'Mango Blocks - 09.05 - LONG'!$C:$C,$A3)/B3) -> NA | F3: =IF($B3=0,"NA",COUNTIFS('Mango Blocks - 09.05 - LONG'!$E:$E,"FBL",'Mango Blocks - 09.05 - LONG'!$C:$C,$A3)/B3) -> NA | G3: =IF($B3=0,"NA",COUNTIFS('Mango Blocks - 09.05 - LONG'!$E:$E,"PRK",'Mango Blocks - 09.05 - LONG'!$C:$C,$A3)/B3) -> NA | H3: =IF($B3=0,"NA",COUNTIFS('Mango Blocks - 09.05 - LONG'!$E:$E,"FRK",'Mango Blocks - 09.05 - LONG'!$C:$C,$A3)/B3) -> NA | I3: =IF(C3="NA","NA",SUM(D3:H3)) -> NA | J3: =COUNTIFS('Mango Blocks - 13.06 - LONG'!$E:$E,"<>NA",'Mango Blocks - 13.06 - LONG'!$E:$E,"<>OG",'Mango Blocks - 13.06 - LONG'!$E:$E,"<>-",'Mango Blocks - 13.06 - LONG'!$C:$C,$A3) -> 16 | K3: =IF(J3=0,"NA",COUNTIFS('Mango Blocks - 13.06 - LONG'!$E:$E,"H",'Mango Blocks - 13.06 - LONG'!$C:$C,$A3)) -> 2 | L3: =IF(J3=0,"NA",COUNTIFS('Mango Blocks - 13.06 - LONG'!$E:$E,"H",'Mango Blocks - 13.06 - LONG'!$C:$C,$A3)/J3) -> 0.125 | M3: =IF(J3=0,"NA",COUNTIFS('Mango Blocks - 13.06 - LONG'!$E:$E,"PBL",'Mango Blocks - 13.06 - LONG'!$C:$C,$A3)/J3) -> 0 | N3: =IF(J3=0,"NA",COUNTIFS('Mango Blocks - 13.06 - LONG'!$E:$E,"FBL",'Mango Blocks - 13.06 - LONG'!$C:$C,$A3)/J3) -> 0 | O3: =IF(J3=0,"NA",COUNTIFS('Mango Blocks - 13.06 - LONG'!$E:$E,"PRK",'Mango Blocks - 13.06 - LONG'!$C:$C,$A3)/J3) -> 0 | P3: =IF(J3=0,"NA",COUNTIFS('Mango Blocks - 13.06 - LONG'!$E:$E,"FRK",'Mango Blocks - 13.06 - LONG'!$C:$C,$A3)/J3) -> 0.875 | Q3: =IF(K3="NA","NA",SUM(L3:P3)) -> 1 | R3: =COUNTIFS('Mango Blocks - 03.08 - LONG'!$E:$E,"<>NA",'Mango Blocks - 03.08 - LONG'!$E:$E,"<>OG",'Mango Blocks - 03.08 - LONG'!$E:$E,"<>-",'Mango Blocks - 03.08 - LONG'!$C:$C,$A3) -> 0 | S3: =IF(R3=0,"NA",COUNTIFS('Mango Blocks - 03.08 - LONG'!$E:$E,"H",'Mango Blocks - 03.08 - LONG'!$C:$C,$A3)) -> NA | T3: =IF(R3=0,"NA",COUNTIFS('Mango Blocks - 03.08 - LONG'!$E:$E,T$2,'Mango Blocks - 03.08 - LONG'!$C:$C,$A3)/R3) -> NA | U3: =IF(R3=0,"NA",COUNTIFS('Mango Blocks - 03.08 - LONG'!$E:$E,U$2,'Mango Blocks - 03.08 - LONG'!$C:$C,$A3)/R3) -> NA | V3: =IF(R3=0,"NA",COUNTIFS('Mango Blocks - 03.08 - LONG'!$E:$E,V$2,'Mango Blocks - 03.08 - LONG'!$C:$C,$A3)/R3) -> NA | W3: =IF(R3=0,"NA",COUNTIFS('Mango Blocks - 03.08 - LONG'!$E:$E,W$2,'Mango Blocks - 03.08 - LONG'!$C:$C,$A3)/R3) -> NA | X3: =IF(R3=0,"NA",COUNTIFS('Mango Blocks - 03.08 - LONG'!$E:$E,X$2,'Mango Blocks - 03.08 - LONG'!$C:$C,$A3)/R3) -> NA | Y3: =IF(S3="NA","NA",SUM(T3:X3)) -> NA | Z3: =COUNTIFS('Mango Blocks - 27.08 - LONG'!$E:$E,"<>NA",'Mango Blocks - 27.08 - LONG'!$E:$E,"<>OG",'Mango Blocks - 27.08 - LONG'!$E:$E,"<>-",'Mango Blocks - 27.08 - LONG'!$C:$C,$A3) -> 0 | AA3: =IF(Z3=0,"NA",COUNTIFS('Mango Blocks - 27.08 - LONG'!$E:$E,"H",'Mango Blocks - 27.08 - LONG'!$C:$C,$A3)) -> NA | AB3: =IF(Z3=0,"NA",COUNTIFS('Mango Blocks - 27.08 - LONG'!$E:$E,AB$2,'Mango Blocks - 27.08 - LONG'!$C:$C,$A3)/Z3) -> NA | AC3: =IF(Z3=0,"NA",COUNTIFS('Mango Blocks - 27.08 - LONG'!$E:$E,AC$2,'Mango Blocks - 27.08 - LONG'!$C:$C,$A3)/Z3) -> NA | AD3: =IF(Z3=0,"NA",COUNTIFS('Mango Blocks - 27.08 - LONG'!$E:$E,AD$2,'Mango Blocks - 27.08 - LONG'!$C:$C,$A3)/Z3) -> NA | AE3: =IF(Z3=0,"NA",COUNTIFS('Mango Blocks - 27.08 - LONG'!$E:$E,AE$2,'Mango Blocks - 27.08 - LONG'!$C:$C,$A3)/Z3) -> NA | AF3: =IF(Z3=0,"NA",COUNTIFS('Mango Blocks - 27.08 - LONG'!$E:$E,AF$2,'Mango Blocks - 27.08 - LONG'!$C:$C,$A3)/Z3) -> NA | AG3: =IF(Z3=0,"NA",COUNTIFS('Mango Blocks - 27.08 - LONG'!$E:$E,AG$2,'Mango Blocks - 27.08 - LONG'!$C:$C,$A3)/Z3) -> NA | AH3: =IF(AA3="NA","NA",SUM(AB3:AF3)) -> NA
A4: Block1_Q2 | B4: =COUNTIFS('Mango Blocks - 09.05 - LONG'!$E:$E,"<>NA",'Mango Blocks - 09.05 - LONG'!$E:$E,"<>OG",'Mango Blocks - 09.05 - LONG'!$E:$E,"<>-",'Mango Blocks - 09.05 - LONG'!$C:$C,$A4) -> 17 | C4: =IF($B4=0,"NA",COUNTIFS('Mango Blocks - 09.05 - LONG'!$E:$E,"H",'Mango Blocks - 09.05 - LONG'!$C:$C,$A4)) -> 0 | D4: =IF($B4=0,"NA",COUNTIFS('Mango Blocks - 09.05 - LONG'!$E:$E,"H",'Mango Blocks - 09.05 - LONG'!$C:$C,$A4)/B4) -> 0 | E4: =IF($B4=0,"NA",COUNTIFS('Mango Blocks - 09.05 - LONG'!$E:$E,"PBL",'Mango Blocks - 09.05 - LONG'!$C:$C,$A4)/B4) -> 0.41176471 | F4: =IF($B4=0,"NA",COUNTIFS('Mango Blocks - 09.05 - LONG'!$E:$E,"FBL",'Mango Blocks - 09.05 - LONG'!$C:$C,$A4)/B4) -> 0 | G4: =IF($B4=0,"NA",COUNTIFS('Mango Blocks - 09.05 - LONG'!$E:$E,"PRK",'Mango Blocks - 09.05 - LONG'!$C:$C,$A4)/B4) -> 0 | H4: =IF($B4=0,"NA",COUNTIFS('Mango Blocks - 09.05 - LONG'!$E:$E,"FRK",'Mango Blocks - 09.05 - LONG'!$C:$C,$A4)/B4) -> 0.58823529 | I4: =IF(C4="NA","NA",SUM(D4:H4)) -> 1 | J4: =COUNTIFS('Mango Blocks - 13.06 - LONG'!$E:$E,"<>NA",'Mango Blocks - 13.06 - LONG'!$E:$E,"<>OG",'Mango Blocks - 13.06 - LONG'!$E:$E,"<>-",'Mango Blocks - 13.06 - LONG'!$C:$C,$A4) -> 0 | K4: =IF(J4=0,"NA",COUNTIFS('Mango Blocks - 13.06 - LONG'!$E:$E,"H",'Mango Blocks - 13.06 - LONG'!$C:$C,$A4)) -> NA | L4: =IF(J4=0,"NA",COUNTIFS('Mango Blocks - 13.06 - LONG'!$E:$E,"H",'Mango Blocks - 13.06 - LONG'!$C:$C,$A4)/J4) -> NA | M4: =IF(J4=0,"NA",COUNTIFS('Mango Blocks - 13.06 - LONG'!$E:$E,"PBL",'Mango Blocks - 13.06 - LONG'!$C:$C,$A4)/J4) -> NA | N4: =IF(J4=0,"NA",COUNTIFS('Mango Blocks - 13.06 - LONG'!$E:$E,"FBL",'Mango Blocks - 13.06 - LONG'!$C:$C,$A4)/J4) -> NA | O4: =IF(J4=0,"NA",COUNTIFS('Mango Blocks - 13.06 - LONG'!$E:$E,"PRK",'Mango Blocks - 13.06 - LONG'!$C:$C,$A4)/J4) -> NA | P4: =IF(J4=0,"NA",COUNTIFS('Mango Blocks - 13.06 - LONG'!$E:$E,"FRK",'Mango Blocks - 13.06 - LONG'!$C:$C,$A4)/J4) -> NA | Q4: =IF(K4="NA","NA",SUM(L4:P4)) -> NA | R4: =COUNTIFS('Mango Blocks - 03.08 - LONG'!$E:$E,"<>NA",'Mango Blocks - 03.08 - LONG'!$E:$E,"<>OG",'Mango Blocks - 03.08 - LONG'!$E:$E,"<>-",'Mango Blocks - 03.08 - LONG'!$C:$C,$A4) -> 0 | S4: =IF(R4=0,"NA",COUNTIFS('Mango Blocks - 03.08 - LONG'!$E:$E,"H",'Mango Blocks - 03.08 - LONG'!$C:$C,$A4)) -> NA | T4: =IF(R4=0,"NA",COUNTIFS('Mango Blocks - 03.08 - LONG'!$E:$E,T$2,'Mango Blocks - 03.08 - LONG'!$C:$C,$A4)/R4) -> NA | U4: =IF(R4=0,"NA",COUNTIFS('Mango Blocks - 03.08 - LONG'!$E:$E,U$2,'Mango Blocks - 03.08 - LONG'!$C:$C,$A4)/R4) -> NA | V4: =IF(R4=0,"NA",COUNTIFS('Mango Blocks - 03.08 - LONG'!$E:$E,V$2,'Mango Blocks - 03.08 - LONG'!$C:$C,$A4)/R4) -> NA | W4: =IF(R4=0,"NA",COUNTIFS('Mango Blocks - 03.08 - LONG'!$E:$E,W$2,'Mango Blocks - 03.08 - LONG'!$C:$C,$A4)/R4) -> NA | X4: =IF(R4=0,"NA",COUNTIFS('Mango Blocks - 03.08 - LONG'!$E:$E,X$2,'Mango Blocks - 03.08 - LONG'!$C:$C,$A4)/R4) -> NA | Y4: =IF(S4="NA","NA",SUM(T4:X4)) -> NA | Z4: =COUNTIFS('Mango Blocks - 27.08 - LONG'!$E:$E,"<>NA",'Mango Blocks - 27.08 - LONG'!$E:$E,"<>OG",'Mango Blocks - 27.08 - LONG'!$E:$E,"<>-",'Mango Blocks - 27.08 - LONG'!$C:$C,$A4) -> 19 | AA4: =IF(Z4=0,"NA",COUNTIFS('Mango Blocks - 27.08 - LONG'!$E:$E,"H",'Mango Blocks - 27.08 - LONG'!$C:$C,$A4)) -> 0 | AB4: =IF(Z4=0,"NA",COUNTIFS('Mango Blocks - 27.08 - LONG'!$E:$E,AB$2,'Mango Blocks - 27.08 - LONG'!$C:$C,$A4)/Z4) -> 0 | AC4: =IF(Z4=0,"NA",COUNTIFS('Mango Blocks - 27.08 - LONG'!$E:$E,AC$2,'Mango Blocks - 27.08 - LONG'!$C:$C,$A4)/Z4) -> 0.57894737 | AD4: =IF(Z4=0,"NA",COUNTIFS('Mango Blocks - 27.08 - LONG'!$E:$E,AD$2,'Mango Blocks - 27.08 - LONG'!$C:$C,$A4)/Z4) -> 0.052631579 | AE4: =IF(Z4=0,"NA",COUNTIFS('Mango Blocks - 27.08 - LONG'!$E:$E,AE$2,'Mango Blocks - 27.08 - LONG'!$C:$C,$A4)/Z4) -> 0.052631579 | AF4: =IF(Z4=0,"NA",COUNTIFS('Mango Blocks - 27.08 - LONG'!$E:$E,AF$2,'Mango Blocks - 27.08 - LONG'!$C:$C,$A4)/Z4) -> 0.31578947 | AG4: =IF(Z4=0,"NA",COUNTIFS('Mango Blocks - 27.08 - LONG'!$E:$E,AG$2,'Mango Blocks - 27.08 - LONG'!$C:$C,$A4)/Z4) -> 0 | AH4: =IF(AA4="NA","NA",SUM(AB4:AF4)) -> 1
A5: Block1_Q3 | B5: =COUNTIFS('Mango Blocks - 09.05 - LONG'!$E:$E,"<>NA",'Mango Blocks - 09.05 - LONG'!$E:$E,"<>OG",'Mango Blocks - 09.05 - LONG'!$E:$E,"<>-",'Mango Blocks - 09.05 - LONG'!$C:$C,$A5) -> 19 | C5: =IF($B5=0,"NA",COUNTIFS('Mango Blocks - 09.05 - LONG'!$E:$E,"H",'Mango Blocks - 09.05 - LONG'!$C:$C,$A5)) -> 2 | D5: =IF($B5=0,"NA",COUNTIFS('Mango Blocks - 09.05 - LONG'!$E:$E,"H",'Mango Blocks - 09.05 - LONG'!$C:$C,$A5)/B5) -> 0.10526316 | E5: =IF($B5=0,"NA",COUNTIFS('Mango Blocks - 09.05 - LONG'!$E:$E,"PBL",'Mango Blocks - 09.05 - LONG'!$C:$C,$A5)/B5) -> 0.89473684 | F5: =IF($B5=0,"NA",COUNTIFS('Mango Blocks - 09.05 - LONG'!$E:$E,"FBL",'Mango Blocks - 09.05 - LONG'!$C:$C,$A5)/B5) -> 0 | G5: =IF($B5=0,"NA",COUNTIFS('Mango Blocks - 09.05 - LONG'!$E:$E,"PRK",'Mango Blocks - 09.05 - LONG'!$C:$C,$A5)/B5) -> 0 | H5: =IF($B5=0,"NA",COUNTIFS('Mango Blocks - 09.05 - LONG'!$E:$E,"FRK",'Mango Blocks - 09.05 - LONG'!$C:$C,$A5)/B5) -> 0 | I5: =IF(C5="NA","NA",SUM(D5:H5)) -> 1 | J5: =COUNTIFS('Mango Blocks - 13.06 - LONG'!$E:$E,"<>NA",'Mango Blocks - 13.06 - LONG'!$E:$E,"<>OG",'Mango Blocks - 13.06 - LONG'!$E:$E,"<>-",'Mango Blocks - 13.06 - LONG'!$C:$C,$A5) -> 20 | K5: =IF(J5=0,"NA",COUNTIFS('Mango Blocks - 13.06 - LONG'!$E:$E,"H",'Mango Blocks - 13.06 - LONG'!$C:$C,$A5)) -> 0 | L5: =IF(J5=0,"NA",COUNTIFS('Mango Blocks - 13.06 - LONG'!$E:$E,"H",'Mango Blocks - 13.06 - LONG'!$C:$C,$A5)/J5) -> 0 | M5: =IF(J5=0,"NA",COUNTIFS('Mango Blocks - 13.06 - LONG'!$E:$E,"PBL",'Mango Blocks - 13.06 - LONG'!$C:$C,$A5)/J5) -> 0.85 | N5: =IF(J5=0,"NA",COUNTIFS('Mango Blocks - 13.06 - LONG'!$E:$E,"FBL",'Mango Blocks - 13.06 - LONG'!$C:$C,$A5)/J5) -> 0.05 | O5: =IF(J5=0,"NA",COUNTIFS('Mango Blocks - 13.06 - LONG'!$E:$E,"PRK",'Mango Blocks - 13.06 - LONG'!$C:$C,$A5)/J5) -> 0.1 | P5: =IF(J5=0,"NA",COUNTIFS('Mango Blocks - 13.06 - LONG'!$E:$E,"FRK",'Mango Blocks - 13.06 - LONG'!$C:$C,$A5)/J5) -> 0 | Q5: =IF(K5="NA","NA",SUM(L5:P5)) -> 1 | R5: =COUNTIFS('Mango Blocks - 03.08 - LONG'!$E:$E,"<>NA",'Mango Blocks - 03.08 - LONG'!$E:$E,"<>OG",'Mango Blocks - 03.08 - LONG'!$E:$E,"<>-",'Mango Blocks - 03.08 - LONG'!$C:$C,$A5) -> 17 | S5: =IF(R5=0,"NA",COUNTIFS('Mango Blocks - 03.08 - LONG'!$E:$E,"H",'Mango Blocks - 03.08 - LONG'!$C:$C,$A5)) -> 0 | T5: =IF(R5=0,"NA",COUNTIFS('Mango Blocks - 03.08 - LONG'!$E:$E,T$2,'Mango Blocks - 03.08 - LONG'!$C:$C,$A5)/R5) -> 0 | U5: =IF(R5=0,"NA",COUNTIFS('Mango Blocks - 03.08 - LONG'!$E:$E,U$2,'Mango Blocks - 03.08 - LONG'!$C:$C,$A5)/R5) -> 0.52941176 | V5: =IF(R5=0,"NA",COUNTIFS('Mango Blocks - 03.08 - LONG'!$E:$E,V$2,'Mango Blocks - 03.08 - LONG'!$C:$C,$A5)/R5) -> 0 | W5: =IF(R5=0,"NA",COUNTIFS('Mango Blocks - 03.08 - LONG'!$E:$E,W$2,'Mango Blocks - 03.08 - LONG'!$C:$C,$A5)/R5) -> 0.058823529 | X5: =IF(R5=0,"NA",COUNTIFS('Mango Blocks - 03.08 - LONG'!$E:$E,X$2,'Mango Blocks - 03.08 - LONG'!$C:$C,$A5)/R5) -> 0.41176471 | Y5: =IF(S5="NA","NA",SUM(T5:X5)) -> 1 | Z5: =COUNTIFS('Mango Blocks - 27.08 - LONG'!$E:$E,"<>NA",'Mango Blocks - 27.08 - LONG'!$E:$E,"<>OG",'Mango Blocks - 27.08 - LONG'!$E:$E,"<>-",'Mango Blocks - 27.08 - LONG'!$C:$C,$A5) -> 22 | AA5: =IF(Z5=0,"NA",COUNTIFS('Mango Blocks - 27.08 - LONG'!$E:$E,"H",'Mango Blocks - 27.08 - LONG'!$C:$C,$A5)) -> 21 | AB5: =IF(Z5=0,"NA",COUNTIFS('Mango Blocks - 27.08 - LONG'!$E:$E,AB$2,'Mango Blocks - 27.08 - LONG'!$C:$C,$A5)/Z5) -> 0.95454545 | AC5: =IF(Z5=0,"NA",COUNTIFS('Mango Blocks - 27.08 - LONG'!$E:$E,AC$2,'Mango Blocks - 27.08 - LONG'!$C:$C,$A5)/Z5) -> 0.045454545 | AD5: =IF(Z5=0,"NA",COUNTIFS('Mango Blocks - 27.08 - LONG'!$E:$E,AD$2,'Mango Blocks - 27.08 - LONG'!$C:$C,$A5)/Z5) -> 0 | AE5: =IF(Z5=0,"NA",COUNTIFS('Mango Blocks - 27.08 - LONG'!$E:$E,AE$2,'Mango Blocks - 27.08 - LONG'!$C:$C,$A5)/Z5) -> 0 | AF5: =IF(Z5=0,"NA",COUNTIFS('Mango Blocks - 27.08 - LONG'!$E:$E,AF$2,'Mango Blocks - 27.08 - LONG'!$C:$C,$A5)/Z5) -> 0 | AG5: =IF(Z5=0,"NA",COUNTIFS('Mango Blocks - 27.08 - LONG'!$E:$E,AG$2,'Mango Blocks - 27.08 - LONG'!$C:$C,$A5)/Z5) -> 0 | AH5: =IF(AA5="NA","NA",SUM(AB5:AF5)) -> 1
A6: Block1_Q4 | B6: =COUNTIFS('Mango Blocks - 09.05 - LONG'!$E:$E,"<>NA",'Mango Blocks - 09.05 - LONG'!$E:$E,"<>OG",'Mango Blocks - 09.05 - LONG'!$E:$E,"<>-",'Mango Blocks - 09.05 - LONG'!$C:$C,$A6) -> 2 | C6: =IF($B6=0,"NA",COUNTIFS('Mango Blocks - 09.05 - LONG'!$E:$E,"H",'Mango Blocks - 09.05 - LONG'!$C:$C,$A6)) -> 2 | D6: =IF($B6=0,"NA",COUNTIFS('Mango Blocks - 09.05 - LONG'!$E:$E,"H",'Mango Blocks - 09.05 - LONG'!$C:$C,$A6)/B6) -> 1 | E6: =IF($B6=0,"NA",COUNTIFS('Mango Blocks - 09.05 - LONG'!$E:$E,"PBL",'Mango Blocks - 09.05 - LONG'!$C:$C,$A6)/B6) -> 0 | F6: =IF($B6=0,"NA",COUNTIFS('Mango Blocks - 09.05 - LONG'!$E:$E,"FBL",'Mango Blocks - 09.05 - LONG'!$C:$C,$A6)/B6) -> 0 | G6: =IF($B6=0,"NA",COUNTIFS('Mango Blocks - 09.05 - LONG'!$E:$E,"PRK",'Mango Blocks - 09.05 - LONG'!$C:$C,$A6)/B6) -> 0 | H6: =IF($B6=0,"NA",COUNTIFS('Mango Blocks - 09.05 - LONG'!$E:$E,"FRK",'Mango Blocks - 09.05 - LONG'!$C:$C,$A6)/B6) -> 0 | I6: =IF(C6="NA","NA",SUM(D6:H6)) -> 1 | J6: =COUNTIFS('Mango Blocks - 13.06 - LONG'!$E:$E,"<>NA",'Mango Blocks - 13.06 - LONG'!$E:$E,"<>OG",'Mango Blocks - 13.06 - LONG'!$E:$E,"<>-",'Mango Blocks - 13.06 - LONG'!$C:$C,$A6) -> 4 | K6: =IF(J6=0,"NA",COUNTIFS('Mango Blocks - 13.06 - LONG'!$E:$E,"H",'Mango Blocks - 13.06 - LONG'!$C:$C,$A6)) -> 0 | L6: =IF(J6=0,"NA",COUNTIFS('Mango Blocks - 13.06 - LONG'!$E:$E,"H",'Mango Blocks - 13.06 - LONG'!$C:$C,$A6)/J6) -> 0 | M6: =IF(J6=0,"NA",COUNTIFS('Mango Blocks - 13.06 - LONG'!$E:$E,"PBL",'Mango Blocks - 13.06 - LONG'!$C:$C,$A6)/J6) -> 0.5 | N6: =IF(J6=0,"NA",COUNTIFS('Mango Blocks - 13.06 - LONG'!$E:$E,"FBL",'Mango Blocks - 13.06 - LONG'!$C:$C,$A6)/J6) -> 0.5 | O6: =IF(J6=0,"NA",COUNTIFS('Mango Blocks - 13.06 - LONG'!$E:$E,"PRK",'Mango Blocks - 13.06 - LONG'!$C:$C,$A6)/J6) -> 0 | P6: =IF(J6=0,"NA",COUNTIFS('Mango Blocks - 13.06 - LONG'!$E:$E,"FRK",'Mango Blocks - 13.06 - LONG'!$C:$C,$A6)/J6) -> 0 | Q6: =IF(K6="NA","NA",SUM(L6:P6)) -> 1 | R6: =COUNTIFS('Mango Blocks - 03.08 - LONG'!$E:$E,"<>NA",'Mango Blocks - 03.08 - LONG'!$E:$E,"<>OG",'Mango Blocks - 03.08 - LONG'!$E:$E,"<>-",'Mango Blocks - 03.08 - LONG'!$C:$C,$A6) -> 34 | S6: =IF(R6=0,"NA",COUNTIFS('Mango Blocks - 03.08 - LONG'!$E:$E,"H",'Mango Blocks - 03.08 - LONG'!$C:$C,$A6)) -> 31 | T6: =IF(R6=0,"NA",COUNTIFS('Mango Blocks - 03.08 - LONG'!$E:$E,T$2,'Mango Blocks - 03.08 - LONG'!$C:$C,$A6)/R6) -> 0.91176471 | U6: =IF(R6=0,"NA",COUNTIFS('Mango Blocks - 03.08 - LONG'!$E:$E,U$2,'Mango Blocks - 03.08 - LONG'!$C:$C,$A6)/R6) -> 0.088235294 | V6: =IF(R6=0,"NA",COUNTIFS('Mango Blocks - 03.08 - LONG'!$E:$E,V$2,'Mango Blocks - 03.08 - LONG'!$C:$C,$A6)/R6) -> 0 | W6: =IF(R6=0,"NA",COUNTIFS('Mango Blocks - 03.08 - LONG'!$E:$E,W$2,'Mango Blocks - 03.08 - LONG'!$C:$C,$A6)/R6) -> 0 | X6: =IF(R6=0,"NA",COUNTIFS('Mango Blocks - 03.08 - LONG'!$E:$E,X$2,'Mango Blocks - 03.08 - LONG'!$C:$C,$A6)/R6) -> 0 | Y6: =IF(S6="NA","NA",SUM(T6:X6)) -> 1 | Z6: =COUNTIFS('Mango Blocks - 27.08 - LONG'!$E:$E,"<>NA",'Mango Blocks - 27.08 - LONG'!$E:$E,"<>OG",'Mango Blocks - 27.08 - LONG'!$E:$E,"<>-",'Mango Blocks - 27.08 - LONG'!$C:$C,$A6) -> 3 | AA6: =IF(Z6=0,"NA",COUNTIFS('Mango Blocks - 27.08 - LONG'!$E:$E,"H",'Mango Blocks - 27.08 - LONG'!$C:$C,$A6)) -> 3 | AB6: =IF(Z6=0,"NA",COUNTIFS('Mango Blocks - 27.08 - LONG'!$E:$E,AB$2,'Mango Blocks - 27.08 - LONG'!$C:$C,$A6)/Z6) -> 1 | AC6: =IF(Z6=0,"NA",COUNTIFS('Mango Blocks - 27.08 - LONG'!$E:$E,AC$2,'Mango Blocks - 27.08 - LONG'!$C:$C,$A6)/Z6) -> 0 | AD6: =IF(Z6=0,"NA",COUNTIFS('Mango Blocks - 27.08 - LONG'!$E:$E,AD$2,'Mango Blocks - 27.08 - LONG'!$C:$C,$A6)/Z6) -> 0 | AE6: =IF(Z6=0,"NA",COUNTIFS('Mango Blocks - 27.08 - LONG'!$E:$E,AE$2,'Mango Blocks - 27.08 - LONG'!$C:$C,$A6)/Z6) -> 0 | AF6: =IF(Z6=0,"NA",COUNTIFS('Mango Blocks - 27.08 - LONG'!$E:$E,AF$2,'Mango Blocks - 27.08 - LONG'!$C:$C,$A6)/Z6) -> 0 | AG6: =IF(Z6=0,"NA",COUNTIFS('Mango Blocks - 27.08 - LONG'!$E:$E,AG$2,'Mango Blocks - 27.08 - LONG'!$C:$C,$A6)/Z6) -> 0 | AH6: =IF(AA6="NA","NA",SUM(AB6:AF6)) -> 1
A7: Block1_Q5 | B7: =COUNTIFS('Mango Blocks - 09.05 - LONG'!$E:$E,"<>NA",'Mango Blocks - 09.05 - LONG'!$E:$E,"<>OG",'Mango Blocks - 09.05 - LONG'!$E:$E,"<>-",'Mango Blocks - 09.05 - LONG'!$C:$C,$A7) -> 12 | C7: =IF($B7=0,"NA",COUNTIFS('Mango Blocks - 09.05 - LONG'!$E:$E,"H",'Mango Blocks - 09.05 - LONG'!$C:$C,$A7)) -> 1 | D7: =IF($B7=0,"NA",COUNTIFS('Mango Blocks - 09.05 - LONG'!$E:$E,"H",'Mango Blocks - 09.05 - LONG'!$C:$C,$A7)/B7) -> 0.083333333 | E7: =IF($B7=0,"NA",COUNTIFS('Mango Blocks - 09.05 - LONG'!$E:$E,"PBL",'Mango Blocks - 09.05 - LONG'!$C:$C,$A7)/B7) -> 0.66666667 | F7: =IF($B7=0,"NA",COUNTIFS('Mango Blocks - 09.05 - LONG'!$E:$E,"FBL",'Mango Blocks - 09.05 - LONG'!$C:$C,$A7)/B7) -> 0 | G7: =IF($B7=0,"NA",COUNTIFS('Mango Blocks - 09.05 - LONG'!$E:$E,"PRK",'Mango Blocks - 09.05 - LONG'!$C:$C,$A7)/B7) -> 0.25 | H7: =IF($B7=0,"NA",COUNTIFS('Mango Blocks - 09.05 - LONG'!$E:$E,"FRK",'Mango Blocks - 09.05 - LONG'!$C:$C,$A7)/B7) -> 0 | I7: =IF(C7="NA","NA",SUM(D7:H7)) -> 1 | J7: =COUNTIFS('Mango Blocks - 13.06 - LONG'!$E:$E,"<>NA",'Mango Blocks - 13.06 - LONG'!$E:$E,"<>OG",'Mango Blocks - 13.06 - LONG'!$E:$E,"<>-",'Mango Blocks - 13.06 - LONG'!$C:$C,$A7) -> 0 | K7: =IF(J7=0,"NA",COUNTIFS('Mango Blocks - 13.06 - LONG'!$E:$E,"H",'Mango Blocks - 13.06 - LONG'!$C:$C,$A7)) -> NA | L7: =IF(J7=0,"NA",COUNTIFS('Mango Blocks - 13.06 - LONG'!$E:$E,"H",'Mango Blocks - 13.06 - LONG'!$C:$C,$A7)/J7) -> NA | M7: =IF(J7=0,"NA",COUNTIFS('Mango Blocks - 13.06 - LONG'!$E:$E,"PBL",'Mango Blocks - 13.06 - LONG'!$C:$C,$A7)/J7) -> NA | N7: =IF(J7=0,"NA",COUNTIFS('Mango Blocks - 13.06 - LONG'!$E:$E,"FBL",'Mango Blocks - 13.06 - LONG'!$C:$C,$A7)/J7) -> NA | O7: =IF(J7=0,"NA",COUNTIFS('Mango Blocks - 13.06 - LONG'!$E:$E,"PRK",'Mango Blocks - 13.06 - LONG'!$C:$C,$A7)/J7) -> NA | P7: =IF(J7=0,"NA",COUNTIFS('Mango Blocks - 13.06 - LONG'!$E:$E,"FRK",'Mango Blocks - 13.06 - LONG'!$C:$C,$A7)/J7) -> NA | Q7: =IF(K7="NA","NA",SUM(L7:P7)) -> NA | R7: =COUNTIFS('Mango Blocks - 03.08 - LONG'!$E:$E,"<>NA",'Mango Blocks - 03.08 - LONG'!$E:$E,"<>OG",'Mango Blocks - 03.08 - LONG'!$E:$E,"<>-",'Mango Blocks - 03.08 - LONG'!$C:$C,$A7) -> 4 | S7: =IF(R7=0,"NA",COUNTIFS('Mango Blocks - 03.08 - LONG'!$E:$E,"H",'Mango Blocks - 03.08 - LONG'!$C:$C,$A7)) -> 3 | T7: =IF(R7=0,"NA",COUNTIFS('Mango Blocks - 03.08 - LONG'!$E:$E,T$2,'Mango Blocks - 03.08 - LONG'!$C:$C,$A7)/R7) -> 0.75 | U7: =IF(R7=0,"NA",COUNTIFS('Mango Blocks - 03.08 - LONG'!$E:$E,U$2,'Mango Blocks - 03.08 - LONG'!$C:$C,$A7)/R7) -> 0.25 | V7: =IF(R7=0,"NA",COUNTIFS('Mango Blocks - 03.08 - LONG'!$E:$E,V$2,'Mango Blocks - 03.08 - LONG'!$C:$C,$A7)/R7) -> 0 | W7: =IF(R7=0,"NA",COUNTIFS('Mango Blocks - 03.08 - LONG'!$E:$E,W$2,'Mango Blocks - 03.08 - LONG'!$C:$C,$A7)/R7) -> 0 | X7: =IF(R7=0,"NA",COUNTIFS('Mango Blocks - 03.08 - LONG'!$E:$E,X$2,'Mango Blocks - 03.08 - LONG'!$C:$C,$A7)/R7) -> 0 | Y7: =IF(S7="NA","NA",SUM(T7:X7)) -> 1 | Z7: =COUNTIFS('Mango Blocks - 27.08 - LONG'!$E:$E,"<>NA",'Mango Blocks - 27.08 - LONG'!$E:$E,"<>OG",'Mango Blocks - 27.08 - LONG'!$E:$E,"<>-",'Mango Blocks - 27.08 - LONG'!$C:$C,$A7) -> 7 | AA7: =IF(Z7=0,"NA",COUNTIFS('Mango Blocks - 27.08 - LONG'!$E:$E,"H",'Mango Blocks - 27.08 - LONG'!$C:$C,$A7)) -> 0 | AB7: =IF(Z7=0,"NA",COUNTIFS('Mango Blocks - 27.08 - LONG'!$E:$E,AB$2,'Mango Blocks - 27.08 - LONG'!$C:$C,$A7)/Z7) -> 0 | AC7: =IF(Z7=0,"NA",COUNTIFS('Mango Blocks - 27.08 - LONG'!$E:$E,AC$2,'Mango Blocks - 27.08 - LONG'!$C:$C,$A7)/Z7) -> 1 | AD7: =IF(Z7=0,"NA",COUNTIFS('Mango Blocks - 27.08 - LONG'!$E:$E,AD$2,'Mango Blocks - 27.08 - LONG'!$C:$C,$A7)/Z7) -> 0 | AE7: =IF(Z7=0,"NA",COUNTIFS('Mango Blocks - 27.08 - LONG'!$E:$E,AE$2,'Mango Blocks - 27.08 - LONG'!$C:$C,$A7)/Z7) -> 0 | AF7: =IF(Z7=0,"NA",COUNTIFS('Mango Blocks - 27.08 - LONG'!$E:$E,AF$2,'Mango Blocks - 27.08 - LONG'!$C:$C,$A7)/Z7) -> 0 | AG7: =IF(Z7=0,"NA",COUNTIFS('Mango Blocks - 27.08 - LONG'!$E:$E,AG$2,'Mango Blocks - 27.08 - LONG'!$C:$C,$A7)/Z7) -> 0 | AH7: =IF(AA7="NA","NA",SUM(AB7:AF7)) -> 1
A8: Block1_Q6 | B8: =COUNTIFS('Mango Blocks - 09.05 - LONG'!$E:$E,"<>NA",'Mango Blocks - 09.05 - LONG'!$E:$E,"<>OG",'Mango Blocks - 09.05 - LONG'!$E:$E,"<>-",'Mango Blocks - 09.05 - LONG'!$C:$C,$A8) -> 0 | C8: =IF($B8=0,"NA",COUNTIFS('Mango Blocks - 09.05 - LONG'!$E:$E,"H",'Mango Blocks - 09.05 - LONG'!$C:$C,$A8)) -> NA | D8: =IF($B8=0,"NA",COUNTIFS('Mango Blocks - 09.05 - LONG'!$E:$E,"H",'Mango Blocks - 09.05 - LONG'!$C:$C,$A8)/B8) -> NA | E8: =IF($B8=0,"NA",COUNTIFS('Mango Blocks - 09.05 - LONG'!$E:$E,"PBL",'Mango Blocks - 09.05 - LONG'!$C:$C,$A8)/B8) -> NA | F8: =IF($B8=0,"NA",COUNTIFS('Mango Blocks - 09.05 - LONG'!$E:$E,"FBL",'Mango Blocks - 09.05 - LONG'!$C:$C,$A8)/B8) -> NA | G8: =IF($B8=0,"NA",COUNTIFS('Mango Blocks - 09.05 - LONG'!$E:$E,"PRK",'Mango Blocks - 09.05 - LONG'!$C:$C,$A8)/B8) -> NA | H8: =IF($B8=0,"NA",COUNTIFS('Mango Blocks - 09.05 - LONG'!$E:$E,"FRK",'Mango Blocks - 09.05 - LONG'!$C:$C,$A8)/B8) -> NA | I8: =IF(C8="NA","NA",SUM(D8:H8)) -> NA | J8: =COUNTIFS('Mango Blocks - 13.06 - LONG'!$E:$E,"<>NA",'Mango Blocks - 13.06 - LONG'!$E:$E,"<>OG",'Mango Blocks - 13.06 - LONG'!$E:$E,"<>-",'Mango Blocks - 13.06 - LONG'!$C:$C,$A8) -> 31 | K8: =IF(J8=0,"NA",COUNTIFS('Mango Blocks - 13.06 - LONG'!$E:$E,"H",'Mango Blocks - 13.06 - LONG'!$C:$C,$A8)) -> 15 | L8: =IF(J8=0,"NA",COUNTIFS('Mango Blocks - 13.06 - LONG'!$E:$E,"H",'Mango Blocks - 13.06 - LONG'!$C:$C,$A8)/J8) -> 0.48387097 | M8: =IF(J8=0,"NA",COUNTIFS('Mango Blocks - 13.06 - LONG'!$E:$E,"PBL",'Mango Blocks - 13.06 - LONG'!$C:$C,$A8)/J8) -> 0.4516129 | N8: =IF(J8=0,"NA",COUNTIFS('Mango Blocks - 13.06 - LONG'!$E:$E,"FBL",'Mango Blocks - 13.06 - LONG'!$C:$C,$A8)/J8) -> 0.064516129 | O8: =IF(J8=0,"NA",COUNTIFS('Mango Blocks - 13.06 - LONG'!$E:$E,"PRK",'Mango Blocks - 13.06 - LONG'!$C:$C,$A8)/J8) -> 0 | P8: =IF(J8=0,"NA",COUNTIFS('Mango Blocks - 13.06 - LONG'!$E:$E,"FRK",'Mango Blocks - 13.06 - LONG'!$C:$C,$A8)/J8) -> 0 | Q8: =IF(K8="NA","NA",SUM(L8:P8)) -> 1 | R8: =COUNTIFS('Mango Blocks - 03.08 - LONG'!$E:$E,"<>NA",'Mango Blocks - 03.08 - LONG'!$E:$E,"<>OG",'Mango Blocks - 03.08 - LONG'!$E:$E,"<>-",'Mango Blocks - 03.08 - LONG'!$C:$C,$A8) -> 8 | S8: =IF(R8=0,"NA",COUNTIFS('Mango Blocks - 03.08 - LONG'!$E:$E,"H",'Mango Blocks - 03.08 - LONG'!$C:$C,$A8)) -> 8 | T8: =IF(R8=0,"NA",COUNTIFS('Mango Blocks - 03.08 - LONG'!$E:$E,T$2,'Mango Blocks - 03.08 - LONG'!$C:$C,$A8)/R8) -> 1 | U8: =IF(R8=0,"NA",COUNTIFS('Mango Blocks - 03.08 - LONG'!$E:$E,U$2,'Mango Blocks - 03.08 - LONG'!$C:$C,$A8)/R8) -> 0 | V8: =IF(R8=0,"NA",COUNTIFS('Mango Blocks - 03.08 - LONG'!$E:$E,V$2,'Mango Blocks - 03.08 - LONG'!$C:$C,$A8)/R8) -> 0 | W8: =IF(R8=0,"NA",COUNTIFS('Mango Blocks - 03.08 - LONG'!$E:$E,W$2,'Mango Blocks - 03.08 - LONG'!$C:$C,$A8)/R8) -> 0 | X8: =IF(R8=0,"NA",COUNTIFS('Mango Blocks - 03.08 - LONG'!$E:$E,X$2,'Mango Blocks - 03.08 - LONG'!$C:$C,$A8)/R8) -> 0 | Y8: =IF(S8="NA","NA",SUM(T8:X8)) -> 1 | Z8: =COUNTIFS('Mango Blocks - 27.08 - LONG'!$E:$E,"<>NA",'Mango Blocks - 27.08 - LONG'!$E:$E,"<>OG",'Mango Blocks - 27.08 - LONG'!$E:$E,"<>-",'Mango Blocks - 27.08 - LONG'!$C:$C,$A8) -> 0 | AA8: =IF(Z8=0,"NA",COUNTIFS('Mango Blocks - 27.08 - LONG'!$E:$E,"H",'Mango Blocks - 27.08 - LONG'!$C:$C,$A8)) -> NA | AB8: =IF(Z8=0,"NA",COUNTIFS('Mango Blocks - 27.08 - LONG'!$E:$E,AB$2,'Mango Blocks - 27.08 - LONG'!$C:$C,$A8)/Z8) -> NA | AC8: =IF(Z8=0,"NA",COUNTIFS('Mango Blocks - 27.08 - LONG'!$E:$E,AC$2,'Mango Blocks - 27.08 - LONG'!$C:$C,$A8)/Z8) -> NA | AD8: =IF(Z8=0,"NA",COUNTIFS('Mango Blocks - 27.08 - LONG'!$E:$E,AD$2,'Mango Blocks - 27.08 - LONG'!$C:$C,$A8)/Z8) -> NA | AE8: =IF(Z8=0,"NA",COUNTIFS('Mango Blocks - 27.08 - LONG'!$E:$E,AE$2,'Mango Blocks - 27.08 - LONG'!$C:$C,$A8)/Z8) -> NA | AF8: =IF(Z8=0,"NA",COUNTIFS('Mango Blocks - 27.08 - LONG'!$E:$E,AF$2,'Mango Blocks - 27.08 - LONG'!$C:$C,$A8)/Z8) -> NA | AG8: =IF(Z8=0,"NA",COUNTIFS('Mango Blocks - 27.08 - LONG'!$E:$E,AG$2,'Mango Blocks - 27.08 - LONG'!$C:$C,$A8)/Z8) -> NA | AH8: =IF(AA8="NA","NA",SUM(AB8:AF8)) -> NA
A9: Block1_Q7 | B9: =COUNTIFS('Mango Blocks - 09.05 - LONG'!$E:$E,"<>NA",'Mango Blocks - 09.05 - LONG'!$E:$E,"<>OG",'Mango Blocks - 09.05 - LONG'!$E:$E,"<>-",'Mango Blocks - 09.05 - LONG'!$C:$C,$A9) -> 0 | C9: =IF($B9=0,"NA",COUNTIFS('Mango Blocks - 09.05 - LONG'!$E:$E,"H",'Mango Blocks - 09.05 - LONG'!$C:$C,$A9)) -> NA | D9: =IF($B9=0,"NA",COUNTIFS('Mango Blocks - 09.05 - LONG'!$E:$E,"H",'Mango Blocks - 09.05 - LONG'!$C:$C,$A9)/B9) -> NA | E9: =IF($B9=0,"NA",COUNTIFS('Mango Blocks - 09.05 - LONG'!$E:$E,"PBL",'Mango Blocks - 09.05 - LONG'!$C:$C,$A9)/B9) -> NA | F9: =IF($B9=0,"NA",COUNTIFS('Mango Blocks - 09.05 - LONG'!$E:$E,"FBL",'Mango Blocks - 09.05 - LONG'!$C:$C,$A9)/B9) -> NA | G9: =IF($B9=0,"NA",COUNTIFS('Mango Blocks - 09.05 - LONG'!$E:$E,"PRK",'Mango Blocks - 09.05 - LONG'!$C:$C,$A9)/B9) -> NA | H9: =IF($B9=0,"NA",COUNTIFS('Mango Blocks - 09.05 - LONG'!$E:$E,"FRK",'Mango Blocks - 09.05 - LONG'!$C:$C,$A9)/B9) -> NA | I9: =IF(C9="NA","NA",SUM(D9:H9)) -> NA | J9: =COUNTIFS('Mango Blocks - 13.06 - LONG'!$E:$E,"<>NA",'Mango Blocks - 13.06 - LONG'!$E:$E,"<>OG",'Mango Blocks - 13.06 - LONG'!$E:$E,"<>-",'Mango Blocks - 13.06 - LONG'!$C:$C,$A9) -> 0 | K9: =IF(J9=0,"NA",COUNTIFS('Mango Blocks - 13.06 - LONG'!$E:$E,"H",'Mango Blocks - 13.06 - LONG'!$C:$C,$A9)) -> NA | L9: =IF(J9=0,"NA",COUNTIFS('Mango Blocks - 13.06 - LONG'!$E:$E,"H",'Mango Blocks - 13.06 - LONG'!$C:$C,$A9)/J9) -> NA | M9: =IF(J9=0,"NA",COUNTIFS('Mango Blocks - 13.06 - LONG'!$E:$E,"PBL",'Mango Blocks - 13.06 - LONG'!$C:$C,$A9)/J9) -> NA | N9: =IF(J9=0,"NA",COUNTIFS('Mango Blocks - 13.06 - LONG'!$E:$E,"FBL",'Mango Blocks - 13.06 - LONG'!$C:$C,$A9)/J9) -> NA | O9: =IF(J9=0,"NA",COUNTIFS('Mango Blocks - 13.06 - LONG'!$E:$E,"PRK",'Mango Blocks - 13.06 - LONG'!$C:$C,$A9)/J9) -> NA | P9: =IF(J9=0,"NA",COUNTIFS('Mango Blocks - 13.06 - LONG'!$E:$E,"FRK",'Mango Blocks - 13.06 - LONG'!$C:$C,$A9)/J9) -> NA | Q9: =IF(K9="NA","NA",SUM(L9:P9)) -> NA | R9: =COUNTIFS('Mango Blocks - 03.08 - LONG'!$E:$E,"<>NA",'Mango Blocks - 03.08 - LONG'!$E:$E,"<>OG",'Mango Blocks - 03.08 - LONG'!$E:$E,"<>-",'Mango Blocks - 03.08 - LONG'!$C:$C,$A9) -> 0 | S9: =IF(R9=0,"NA",COUNTIFS('Mango Blocks - 03.08 - LONG'!$E:$E,"H",'Mango Blocks - 03.08 - LONG'!$C:$C,$A9)) -> NA | T9: =IF(R9=0,"NA",COUNTIFS('Mango Blocks - 03.08 - LONG'!$E:$E,T$2,'Mango Blocks - 03.08 - LONG'!$C:$C,$A9)/R9) -> NA | U9: =IF(R9=0,"NA",COUNTIFS('Mango Blocks - 03.08 - LONG'!$E:$E,U$2,'Mango Blocks - 03.08 - LONG'!$C:$C,$A9)/R9) -> NA | V9: =IF(R9=0,"NA",COUNTIFS('Mango Blocks - 03.08 - LONG'!$E:$E,V$2,'Mango Blocks - 03.08 - LONG'!$C:$C,$A9)/R9) -> NA | W9: =IF(R9=0,"NA",COUNTIFS('Mango Blocks - 03.08 - LONG'!$E:$E,W$2,'Mango Blocks - 03.08 - LONG'!$C:$C,$A9)/R9) -> NA | X9: =IF(R9=0,"NA",COUNTIFS('Mango Blocks - 03.08 - LONG'!$E:$E,X$2,'Mango Blocks - 03.08 - LONG'!$C:$C,$A9)/R9) -> NA | Y9: =IF(S9="NA","NA",SUM(T9:X9)) -> NA | Z9: =COUNTIFS('Mango Blocks - 27.08 - LONG'!$E:$E,"<>NA",'Mango Blocks - 27.08 - LONG'!$E:$E,"<>OG",'Mango Blocks - 27.08 - LONG'!$E:$E,"<>-",'Mango Blocks - 27.08 - LONG'!$C:$C,$A9) -> 0 | AA9: =IF(Z9=0,"NA",COUNTIFS('Mango Blocks - 27.08 - LONG'!$E:$E,"H",'Mango Blocks - 27.08 - LONG'!$C:$C,$A9)) -> NA | AB9: =IF(Z9=0,"NA",COUNTIFS('Mango Blocks - 27.08 - LONG'!$E:$E,AB$2,'Mango Blocks - 27.08 - LONG'!$C:$C,$A9)/Z9) -> NA | AC9: =IF(Z9=0,"NA",COUNTIFS('Mango Blocks - 27.08 - LONG'!$E:$E,AC$2,'Mango Blocks - 27.08 - LONG'!$C:$C,$A9)/Z9) -> NA | AD9: =IF(Z9=0,"NA",COUNTIFS('Mango Blocks - 27.08 - LONG'!$E:$E,AD$2,'Mango Blocks - 27.08 - LONG'!$C:$C,$A9)/Z9) -> NA | AE9: =IF(Z9=0,"NA",COUNTIFS('Mango Blocks - 27.08 - LONG'!$E:$E,AE$2,'Mango Blocks - 27.08 - LONG'!$C:$C,$A9)/Z9) -> NA | AF9: =IF(Z9=0,"NA",COUNTIFS('Mango Blocks - 27.08 - LONG'!$E:$E,AF$2,'Mango Blocks - 27.08 - LONG'!$C:$C,$A9)/Z9) -> NA | AG9: =IF(Z9=0,"NA",COUNTIFS('Mango Blocks - 27.08 - LONG'!$E:$E,AG$2,'Mango Blocks - 27.08 - LONG'!$C:$C,$A9)/Z9) -> NA | AH9: =IF(AA9="NA","NA",SUM(AB9:AF9)) -> NA
A10: Block1_Q8 | B10: =COUNTIFS('Mango Blocks - 09.05 - LONG'!$E:$E,"<>NA",'Mango Blocks - 09.05 - LONG'!$E:$E,"<>OG",'Mango Blocks - 09.05 - LONG'!$E:$E,"<>-",'Mango Blocks - 09.05 - LONG'!$C:$C,$A10) -> 3 | C10: =IF($B10=0,"NA",COUNTIFS('Mango Blocks - 09.05 - LONG'!$E:$E,"H",'Mango Blocks - 09.05 - LONG'!$C:$C,$A10)) -> 0 | D10: =IF($B10=0,"NA",COUNTIFS('Mango Blocks - 09.05 - LONG'!$E:$E,"H",'Mango Blocks - 09.05 - LONG'!$C:$C,$A10)/B10) -> 0 | E10: =IF($B10=0,"NA",COUNTIFS('Mango Blocks - 09.05 - LONG'!$E:$E,"PBL",'Mango Blocks - 09.05 - LONG'!$C:$C,$A10)/B10) -> 1 | F10: =IF($B10=0,"NA",COUNTIFS('Mango Blocks - 09.05 - LONG'!$E:$E,"FBL",'Mango Blocks - 09.05 - LONG'!$C:$C,$A10)/B10) -> 0 | G10: =IF($B10=0,"NA",COUNTIFS('Mango Blocks - 09.05 - LONG'!$E:$E,"PRK",'Mango Blocks - 09.05 - LONG'!$C:$C,$A10)/B10) -> 0 | H10: =IF($B10=0,"NA",COUNTIFS('Mango Blocks - 09.05 - LONG'!$E:$E,"FRK",'Mango Blocks - 09.05 - LONG'!$C:$C,$A10)/B10) -> 0 | I10: =IF(C10="NA","NA",SUM(D10:H10)) -> 1 | J10: =COUNTIFS('Mango Blocks - 13.06 - LONG'!$E:$E,"<>NA",'Mango Blocks - 13.06 - LONG'!$E:$E,"<>OG",'Mango Blocks - 13.06 - LONG'!$E:$E,"<>-",'Mango Blocks - 13.06 - LONG'!$C:$C,$A10) -> 13 | K10: =IF(J10=0,"NA",COUNTIFS('Mango Blocks - 13.06 - LONG'!$E:$E,"H",'Mango Blocks - 13.06 - LONG'!$C:$C,$A10)) -> 9 | L10: =IF(J10=0,"NA",COUNTIFS('Mango Blocks - 13.06 - LONG'!$E:$E,"H",'Mango Blocks - 13.06 - LONG'!$C:$C,$A10)/J10) -> 0.69230769 | M10: =IF(J10=0,"NA",COUNTIFS('Mango Blocks - 13.06 - LONG'!$E:$E,"PBL",'Mango Blocks - 13.06 - LONG'!$C:$C,$A10)/J10) -> 0 | N10: =IF(J10=0,"NA",COUNTIFS('Mango Blocks - 13.06 - LONG'!$E:$E,"FBL",'Mango Blocks - 13.06 - LONG'!$C:$C,$A10)/J10) -> 0 | O10: =IF(J10=0,"NA",COUNTIFS('Mango Blocks - 13.06 - LONG'!$E:$E,"PRK",'Mango Blocks - 13.06 - LONG'!$C:$C,$A10)/J10) -> 0.30769231 | P10: =IF(J10=0,"NA",COUNTIFS('Mango Blocks - 13.06 - LONG'!$E:$E,"FRK",'Mango Blocks - 13.06 - LONG'!$C:$C,$A10)/J10) -> 0 | Q10: =IF(K10="NA","NA",SUM(L10:P10)) -> 1 | R10: =COUNTIFS('Mango Blocks - 03.08 - LONG'!$E:$E,"<>NA",'Mango Blocks - 03.08 - LONG'!$E:$E,"<>OG",'Mango Blocks - 03.08 - LONG'!$E:$E,"<>-",'Mango Blocks - 03.08 - LONG'!$C:$C,$A10) -> 0 | S10: =IF(R10=0,"NA",COUNTIFS('Mango Blocks - 03.08 - LONG'!$E:$E,"H",'Mango Blocks - 03.08 - LONG'!$C:$C,$A10)) -> NA | T10: =IF(R10=0,"NA",COUNTIFS('Mango Blocks - 03.08 - LONG'!$E:$E,T$2,'Mango Blocks - 03.08 - LONG'!$C:$C,$A10)/R10) -> NA | U10: =IF(R10=0,"NA",COUNTIFS('Mango Blocks - 03.08 - LONG'!$E:$E,U$2,'Mango Blocks - 03.08 - LONG'!$C:$C,$A10)/R10) -> NA | V10: =IF(R10=0,"NA",COUNTIFS('Mango Blocks - 03.08 - LONG'!$E:$E,V$2,'Mango Blocks - 03.08 - LONG'!$C:$C,$A10)/R10) -> NA | W10: =IF(R10=0,"NA",COUNTIFS('Mango Blocks - 03.08 - LONG'!$E:$E,W$2,'Mango Blocks - 03.08 - LONG'!$C:$C,$A10)/R10) -> NA | X10: =IF(R10=0,"NA",COUNTIFS('Mango Blocks - 03.08 - LONG'!$E:$E,X$2,'Mango Blocks - 03.08 - LONG'!$C:$C,$A10)/R10) -> NA | Y10: =IF(S10="NA","NA",SUM(T10:X10)) -> NA | Z10: =COUNTIFS('Mango Blocks - 27.08 - LONG'!$E:$E,"<>NA",'Mango Blocks - 27.08 - LONG'!$E:$E,"<>OG",'Mango Blocks - 27.08 - LONG'!$E:$E,"<>-",'Mango Blocks - 27.08 - LONG'!$C:$C,$A10) -> 0 | AA10: =IF(Z10=0,"NA",COUNTIFS('Mango Blocks - 27.08 - LONG'!$E:$E,"H",'Mango Blocks - 27.08 - LONG'!$C:$C,$A10)) -> NA | AB10: =IF(Z10=0,"NA",COUNTIFS('Mango Blocks - 27.08 - LONG'!$E:$E,AB$2,'Mango Blocks - 27.08 - LONG'!$C:$C,$A10)/Z10) -> NA | AC10: =IF(Z10=0,"NA",COUNTIFS('Mango Blocks - 27.08 - LONG'!$E:$E,AC$2,'Mango Blocks - 27.08 - LONG'!$C:$C,$A10)/Z10) -> NA | AD10: =IF(Z10=0,"NA",COUNTIFS('Mango Blocks - 27.08 - LONG'!$E:$E,AD$2,'Mango Blocks - 27.08 - LONG'!$C:$C,$A10)/Z10) -> NA | AE10: =IF(Z10=0,"NA",COUNTIFS('Mango Blocks - 27.08 - LONG'!$E:$E,AE$2,'Mango Blocks - 27.08 - LONG'!$C:$C,$A10)/Z10) -> NA | AF10: =IF(Z10=0,"NA",COUNTIFS('Mango Blocks - 27.08 - LONG'!$E:$E,AF$2,'Mango Blocks - 27.08 - LONG'!$C:$C,$A10)/Z10) -> NA | AG10: =IF(Z10=0,"NA",COUNTIFS('Mango Blocks - 27.08 - LONG'!$E:$E,AG$2,'Mango Blocks - 27.08 - LONG'!$C:$C,$A10)/Z10) -> NA | AH10: =IF(AA10="NA","NA",SUM(AB10:AF10)) -> NA
A11: Block1_Q9 | B11: =COUNTIFS('Mango Blocks - 09.05 - LONG'!$E:$E,"<>NA",'Mango Blocks - 09.05 - LONG'!$E:$E,"<>OG",'Mango Blocks - 09.05 - LONG'!$E:$E,"<>-",'Mango Blocks - 09.05 - LONG'!$C:$C,$A11) -> 13 | C11: =IF($B11=0,"NA",COUNTIFS('Mango Blocks - 09.05 - LONG'!$E:$E,"H",'Mango Blocks - 09.05 - LONG'!$C:$C,$A11)) -> 0 | D11: =IF($B11=0,"NA",COUNTIFS('Mango Blocks - 09.05 - LONG'!$E:$E,"H",'Mango Blocks - 09.05 - LONG'!$C:$C,$A11)/B11) -> 0 | E11: =IF($B11=0,"NA",COUNTIFS('Mango Blocks - 09.05 - LONG'!$E:$E,"PBL",'Mango Blocks - 09.05 - LONG'!$C:$C,$A11)/B11) -> 0.23076923 | F11: =IF($B11=0,"NA",COUNTIFS('Mango Blocks - 09.05 - LONG'!$E:$E,"FBL",'Mango Blocks - 09.05 - LONG'!$C:$C,$A11)/B11) -> 0 | G11: =IF($B11=0,"NA",COUNTIFS('Mango Blocks - 09.05 - LONG'!$E:$E,"PRK",'Mango Blocks - 09.05 - LONG'!$C:$C,$A11)/B11) -> 0 | H11: =IF($B11=0,"NA",COUNTIFS('Mango Blocks - 09.05 - LONG'!$E:$E,"FRK",'Mango Blocks - 09.05 - LONG'!$C:$C,$A11)/B11) -> 0.76923077 | I11: =IF(C11="NA","NA",SUM(D11:H11)) -> 1 | J11: =COUNTIFS('Mango Blocks - 13.06 - LONG'!$E:$E,"<>NA",'Mango Blocks - 13.06 - LONG'!$E:$E,"<>OG",'Mango Blocks - 13.06 - LONG'!$E:$E,"<>-",'Mango Blocks - 13.06 - LONG'!$C:$C,$A11) -> 6 | K11: =IF(J11=0,"NA",COUNTIFS('Mango Blocks - 13.06 - LONG'!$E:$E,"H",'Mango Blocks - 13.06 - LONG'!$C:$C,$A11)) -> 0 | L11: =IF(J11=0,"NA",COUNTIFS('Mango Blocks - 13.06 - LONG'!$E:$E,"H",'Mango Blocks - 13.06 - LONG'!$C:$C,$A11)/J11) -> 0 | M11: =IF(J11=0,"NA",COUNTIFS('Mango Blocks - 13.06 - LONG'!$E:$E,"PBL",'Mango Blocks - 13.06 - LONG'!$C:$C,$A11)/J11) -> 0 | N11: =IF(J11=0,"NA",COUNTIFS('Mango Blocks - 13.06 - LONG'!$E:$E,"FBL",'Mango Blocks - 13.06 - LONG'!$C:$C,$A11)/J11) -> 1 | O11: =IF(J11=0,"NA",COUNTIFS('Mango Blocks - 13.06 - LONG'!$E:$E,"PRK",'Mango Blocks - 13.06 - LONG'!$C:$C,$A11)/J11) -> 0 | P11: =IF(J11=0,"NA",COUNTIFS('Mango Blocks - 13.06 - LONG'!$E:$E,"FRK",'Mango Blocks - 13.06 - LONG'!$C:$C,$A11)/J11) -> 0 | Q11: =IF(K11="NA","NA",SUM(L11:P11)) -> 1 | R11: =COUNTIFS('Mango Blocks - 03.08 - LONG'!$E:$E,"<>NA",'Mango Blocks - 03.08 - LONG'!$E:$E,"<>OG",'Mango Blocks - 03.08 - LONG'!$E:$E,"<>-",'Mango Blocks - 03.08 - LONG'!$C:$C,$A11) -> 14 | S11: =IF(R11=0,"NA",COUNTIFS('Mango Blocks - 03.08 - LONG'!$E:$E,"H",'Mango Blocks - 03.08 - LONG'!$C:$C,$A11)) -> 0 | T11: =IF(R11=0,"NA",COUNTIFS('Mango Blocks - 03.08 - LONG'!$E:$E,T$2,'Mango Blocks - 03.08 - LONG'!$C:$C,$A11)/R11) -> 0 | U11: =IF(R11=0,"NA",COUNTIFS('Mango Blocks - 03.08 - LONG'!$E:$E,U$2,'Mango Blocks - 03.08 - LONG'!$C:$C,$A11)/R11) -> 0.071428571 | V11: =IF(R11=0,"NA",COUNTIFS('Mango Blocks - 03.08 - LONG'!$E:$E,V$2,'Mango Blocks - 03.08 - LONG'!$C:$C,$A11)/R11) -> 0 | W11: =IF(R11=0,"NA",COUNTIFS('Mango Blocks - 03.08 - LONG'!$E:$E,W$2,'Mango Blocks - 03.08 - LONG'!$C:$C,$A11)/R11) -> 0 | X11: =IF(R11=0,"NA",COUNTIFS('Mango Blocks - 03.08 - LONG'!$E:$E,X$2,'Mango Blocks - 03.08 - LONG'!$C:$C,$A11)/R11) -> 0.92857143 | Y11: =IF(S11="NA","NA",SUM(T11:X11)) -> 1 | Z11: =COUNTIFS('Mango Blocks - 27.08 - LONG'!$E:$E,"<>NA",'Mango Blocks - 27.08 - LONG'!$E:$E,"<>OG",'Mango Blocks - 27.08 - LONG'!$E:$E,"<>-",'Mango Blocks - 27.08 - LONG'!$C:$C,$A11) -> 12 | AA11: =IF(Z11=0,"NA",COUNTIFS('Mango Blocks - 27.08 - LONG'!$E:$E,"H",'Mango Blocks - 27.08 - LONG'!$C:$C,$A11)) -> 0 | AB11: =IF(Z11=0,"NA",COUNTIFS('Mango Blocks - 27.08 - LONG'!$E:$E,AB$2,'Mango Blocks - 27.08 - LONG'!$C:$C,$A11)/Z11) -> 0 | AC11: =IF(Z11=0,"NA",COUNTIFS('Mango Blocks - 27.08 - LONG'!$E:$E,AC$2,'Mango Blocks - 27.08 - LONG'!$C:$C,$A11)/Z11) -> 0 | AD11: =IF(Z11=0,"NA",COUNTIFS('Mango Blocks - 27.08 - LONG'!$E:$E,AD$2,'Mango Blocks - 27.08 - LONG'!$C:$C,$A11)/Z11) -> 0.25 | AE11: =IF(Z11=0,"NA",COUNTIFS('Mango Blocks - 27.08 - LONG'!$E:$E,AE$2,'Mango Blocks - 27.08 - LONG'!$C:$C,$A11)/Z11) -> 0 | AF11: =IF(Z11=0,"NA",COUNTIFS('Mango Blocks - 27.08 - LONG'!$E:$E,AF$2,'Mango Blocks - 27.08 - LONG'!$C:$C,$A11)/Z11) -> 0.75 | AG11: =IF(Z11=0,"NA",COUNTIFS('Mango Blocks - 27.08 - LONG'!$E:$E,AG$2,'Mango Blocks - 27.08 - LONG'!$C:$C,$A11)/Z11) -> 0 | AH11: =IF(AA11="NA","NA",SUM(AB11:AF11)) -> 1
A12: Block1_Q10 | B12: =COUNTIFS('Mango Blocks - 09.05 - LONG'!$E:$E,"<>NA",'Mango Blocks - 09.05 - LONG'!$E:$E,"<>OG",'Mango Blocks - 09.05 - LONG'!$E:$E,"<>-",'Mango Blocks - 09.05 - LONG'!$C:$C,$A12) -> 0 | C12: =IF($B12=0,"NA",COUNTIFS('Mango Blocks - 09.05 - LONG'!$E:$E,"H",'Mango Blocks - 09.05 - LONG'!$C:$C,$A12)) -> NA | D12: =IF($B12=0,"NA",COUNTIFS('Mango Blocks - 09.05 - LONG'!$E:$E,"H",'Mango Blocks - 09.05 - LONG'!$C:$C,$A12)/B12) -> NA | E12: =IF($B12=0,"NA",COUNTIFS('Mango Blocks - 09.05 - LONG'!$E:$E,"PBL",'Mango Blocks - 09.05 - LONG'!$C:$C,$A12)/B12) -> NA | F12: =IF($B12=0,"NA",COUNTIFS('Mango Blocks - 09.05 - LONG'!$E:$E,"FBL",'Mango Blocks - 09.05 - LONG'!$C:$C,$A12)/B12) -> NA | G12: =IF($B12=0,"NA",COUNTIFS('Mango Blocks - 09.05 - LONG'!$E:$E,"PRK",'Mango Blocks - 09.05 - LONG'!$C:$C,$A12)/B12) -> NA | H12: =IF($B12=0,"NA",COUNTIFS('Mango Blocks - 09.05 - LONG'!$E:$E,"FRK",'Mango Blocks - 09.05 - LONG'!$C:$C,$A12)/B12) -> NA | I12: =IF(C12="NA","NA",SUM(D12:H12)) -> NA | J12: =COUNTIFS('Mango Blocks - 13.06 - LONG'!$E:$E,"<>NA",'Mango Blocks - 13.06 - LONG'!$E:$E,"<>OG",'Mango Blocks - 13.06 - LONG'!$E:$E,"<>-",'Mango Blocks - 13.06 - LONG'!$C:$C,$A12) -> 0 | K12: =IF(J12=0,"NA",COUNTIFS('Mango Blocks - 13.06 - LONG'!$E:$E,"H",'Mango Blocks - 13.06 - LONG'!$C:$C,$A12)) -> NA | L12: =IF(J12=0,"NA",COUNTIFS('Mango Blocks - 13.06 - LONG'!$E:$E,"H",'Mango Blocks - 13.06 - LONG'!$C:$C,$A12)/J12) -> NA | M12: =IF(J12=0,"NA",COUNTIFS('Mango Blocks - 13.06 - LONG'!$E:$E,"PBL",'Mango Blocks - 13.06 - LONG'!$C:$C,$A12)/J12) -> NA | N12: =IF(J12=0,"NA",COUNTIFS('Mango Blocks - 13.06 - LONG'!$E:$E,"FBL",'Mango Blocks - 13.06 - LONG'!$C:$C,$A12)/J12) -> NA | O12: =IF(J12=0,"NA",COUNTIFS('Mango Blocks - 13.06 - LONG'!$E:$E,"PRK",'Mango Blocks - 13.06 - LONG'!$C:$C,$A12)/J12) -> NA | P12: =IF(J12=0,"NA",COUNTIFS('Mango Blocks - 13.06 - LONG'!$E:$E,"FRK",'Mango Blocks - 13.06 - LONG'!$C:$C,$A12)/J12) -> NA | Q12: =IF(K12="NA","NA",SUM(L12:P12)) -> NA | R12: =COUNTIFS('Mango Blocks - 03.08 - LONG'!$E:$E,"<>NA",'Mango Blocks - 03.08 - LONG'!$E:$E,"<>OG",'Mango Blocks - 03.08 - LONG'!$E:$E,"<>-",'Mango Blocks - 03.08 - LONG'!$C:$C,$A12) -> 27 | S12: =IF(R12=0,"NA",COUNTIFS('Mango Blocks - 03.08 - LONG'!$E:$E,"H",'Mango Blocks - 03.08 - LONG'!$C:$C,$A12)) -> 0 | T12: =IF(R12=0,"NA",COUNTIFS('Mango Blocks - 03.08 - LONG'!$E:$E,T$2,'Mango Blocks - 03.08 - LONG'!$C:$C,$A12)/R12) -> 0 | U12: =IF(R12=0,"NA",COUNTIFS('Mango Blocks - 03.08 - LONG'!$E:$E,U$2,'Mango Blocks - 03.08 - LONG'!$C:$C,$A12)/R12) -> 0.11111111 | V12: =IF(R12=0,"NA",COUNTIFS('Mango Blocks - 03.08 - LONG'!$E:$E,V$2,'Mango Blocks - 03.08 - LONG'!$C:$C,$A12)/R12) -> 0 | W12: =IF(R12=0,"NA",COUNTIFS('Mango Blocks - 03.08 - LONG'!$E:$E,W$2,'Mango Blocks - 03.08 - LONG'!$C:$C,$A12)/R12) -> 0 | X12: =IF(R12=0,"NA",COUNTIFS('Mango Blocks - 03.08 - LONG'!$E:$E,X$2,'Mango Blocks - 03.08 - LONG'!$C:$C,$A12)/R12) -> 0.88888889 | Y12: =IF(S12="NA","NA",SUM(T12:X12)) -> 1 | Z12: =COUNTIFS('Mango Blocks - 27.08 - LONG'!$E:$E,"<>NA",'Mango Blocks - 27.08 - LONG'!$E:$E,"<>OG",'Mango Blocks - 27.08 - LONG'!$E:$E,"<>-",'Mango Blocks - 27.08 - LONG'!$C:$C,$A12) -> 12 | AA12: =IF(Z12=0,"NA",COUNTIFS('Mango Blocks - 27.08 - LONG'!$E:$E,"H",'Mango Blocks - 27.08 - LONG'!$C:$C,$A12)) -> 0 | AB12: =IF(Z12=0,"NA",COUNTIFS('Mango Blocks - 27.08 - LONG'!$E:$E,AB$2,'Mango Blocks - 27.08 - LONG'!$C:$C,$A12)/Z12) -> 0 | AC12: =IF(Z12=0,"NA",COUNTIFS('Mango Blocks - 27.08 - LONG'!$E:$E,AC$2,'Mango Blocks - 27.08 - LONG'!$C:$C,$A12)/Z12) -> 0.083333333 | AD12: =IF(Z12=0,"NA",COUNTIFS('Mango Blocks - 27.08 - LONG'!$E:$E,AD$2,'Mango Blocks - 27.08 - LONG'!$C:$C,$A12)/Z12) -> 0 | AE12: =IF(Z12=0,"NA",COUNTIFS('Mango Blocks - 27.08 - LONG'!$E:$E,AE$2,'Mango Blocks - 27.08 - LONG'!$C:$C,$A12)/Z12) -> 0 | AF12: =IF(Z12=0,"NA",COUNTIFS('Mango Blocks - 27.08 - LONG'!$E:$E,AF$2,'Mango Blocks - 27.08 - LONG'!$C:$C,$A12)/Z12) -> 0.91666667 | AG12: =IF(Z12=0,"NA",COUNTIFS('Mango Blocks - 27.08 - LONG'!$E:$E,AG$2,'Mango Blocks - 27.08 - LONG'!$C:$C,$A12)/Z12) -> 0 | AH12: =IF(AA12="NA","NA",SUM(AB12:AF12)) -> 1
A13: Block2_Q1 | B13: =COUNTIFS('Mango Blocks - 09.05 - LONG'!$E:$E,"<>NA",'Mango Blocks - 09.05 - LONG'!$E:$E,"<>OG",'Mango Blocks - 09.05 - LONG'!$E:$E,"<>-",'Mango Blocks - 09.05 - LONG'!$C:$C,$A13) -> 0 | C13: =IF($B13=0,"NA",COUNTIFS('Mango Blocks - 09.05 - LONG'!$E:$E,"H",'Mango Blocks - 09.05 - LONG'!$C:$C,$A13)) -> NA | D13: =IF($B13=0,"NA",COUNTIFS('Mango Blocks - 09.05 - LONG'!$E:$E,"H",'Mango Blocks - 09.05 - LONG'!$C:$C,$A13)/B13) -> NA | E13: =IF($B13=0,"NA",COUNTIFS('Mango Blocks - 09.05 - LONG'!$E:$E,"PBL",'Mango Blocks - 09.05 - LONG'!$C:$C,$A13)/B13) -> NA | F13: =IF($B13=0,"NA",COUNTIFS('Mango Blocks - 09.05 - LONG'!$E:$E,"FBL",'Mango Blocks - 09.05 - LONG'!$C:$C,$A13)/B13) -> NA | G13: =IF($B13=0,"NA",COUNTIFS('Mango Blocks - 09.05 - LONG'!$E:$E,"PRK",'Mango Blocks - 09.05 - LONG'!$C:$C,$A13)/B13) -> NA | H13: =IF($B13=0,"NA",COUNTIFS('Mango Blocks - 09.05 - LONG'!$E:$E,"FRK",'Mango Blocks - 09.05 - LONG'!$C:$C,$A13)/B13) -> NA | I13: =IF(C13="NA","NA",SUM(D13:H13)) -> NA | J13: =COUNTIFS('Mango Blocks - 13.06 - LONG'!$E:$E,"<>NA",'Mango Blocks - 13.06 - LONG'!$E:$E,"<>OG",'Mango Blocks - 13.06 - LONG'!$E:$E,"<>-",'Mango Blocks - 13.06 - LONG'!$C:$C,$A13) -> 0 | K13: =IF(J13=0,"NA",COUNTIFS('Mango Blocks - 13.06 - LONG'!$E:$E,"H",'Mango Blocks - 13.06 - LONG'!$C:$C,$A13)) -> NA | L13: =IF(J13=0,"NA",COUNTIFS('Mango Blocks - 13.06 - LONG'!$E:$E,"H",'Mango Blocks - 13.06 - LONG'!$C:$C,$A13)/J13) -> NA | M13: =IF(J13=0,"NA",COUNTIFS('Mango Blocks - 13.06 - LONG'!$E:$E,"PBL",'Mango Blocks - 13.06 - LONG'!$C:$C,$A13)/J13) -> NA | N13: =IF(J13=0,"NA",COUNTIFS('Mango Blocks - 13.06 - LONG'!$E:$E,"FBL",'Mango Blocks - 13.06 - LONG'!$C:$C,$A13)/J13) -> NA | O13: =IF(J13=0,"NA",COUNTIFS('Mango Blocks - 13.06 - LONG'!$E:$E,"PRK",'Mango Blocks - 13.06 - LONG'!$C:$C,$A13)/J13) -> NA | P13: =IF(J13=0,"NA",COUNTIFS('Mango Blocks - 13.06 - LONG'!$E:$E,"FRK",'Mango Blocks - 13.06 - LONG'!$C:$C,$A13)/J13) -> NA | Q13: =IF(K13="NA","NA",SUM(L13:P13)) -> NA | R13: =COUNTIFS('Mango Blocks - 03.08 - LONG'!$E:$E,"<>NA",'Mango Blocks - 03.08 - LONG'!$E:$E,"<>OG",'Mango Blocks - 03.08 - LONG'!$E:$E,"<>-",'Mango Blocks - 03.08 - LONG'!$C:$C,$A13) -> 0 | S13: =IF(R13=0,"NA",COUNTIFS('Mango Blocks - 03.08 - LONG'!$E:$E,"H",'Mango Blocks - 03.08 - LONG'!$C:$C,$A13)) -> NA | T13: =IF(R13=0,"NA",COUNTIFS('Mango Blocks - 03.08 - LONG'!$E:$E,T$2,'Mango Blocks - 03.08 - LONG'!$C:$C,$A13)/R13) -> NA | U13: =IF(R13=0,"NA",COUNTIFS('Mango Blocks - 03.08 - LONG'!$E:$E,U$2,'Mango Blocks - 03.08 - LONG'!$C:$C,$A13)/R13) -> NA | V13: =IF(R13=0,"NA",COUNTIFS('Mango Blocks - 03.08 - LONG'!$E:$E,V$2,'Mango Blocks - 03.08 - LONG'!$C:$C,$A13)/R13) -> NA | W13: =IF(R13=0,"NA",COUNTIFS('Mango Blocks - 03.08 - LONG'!$E:$E,W$2,'Mango Blocks - 03.08 - LONG'!$C:$C,$A13)/R13) -> NA | X13: =IF(R13=0,"NA",COUNTIFS('Mango Blocks - 03.08 - LONG'!$E:$E,X$2,'Mango Blocks - 03.08 - LONG'!$C:$C,$A13)/R13) -> NA | Y13: =IF(S13="NA","NA",SUM(T13:X13)) -> NA | Z13: =COUNTIFS('Mango Blocks - 27.08 - LONG'!$E:$E,"<>NA",'Mango Blocks - 27.08 - LONG'!$E:$E,"<>OG",'Mango Blocks - 27.08 - LONG'!$E:$E,"<>-",'Mango Blocks - 27.08 - LONG'!$C:$C,$A13) -> 16 | AA13: =IF(Z13=0,"NA",COUNTIFS('Mango Blocks - 27.08 - LONG'!$E:$E,"H",'Mango Blocks - 27.08 - LONG'!$C:$C,$A13)) -> 7 | AB13: =IF(Z13=0,"NA",COUNTIFS('Mango Blocks - 27.08 - LONG'!$E:$E,AB$2,'Mango Blocks - 27.08 - LONG'!$C:$C,$A13)/Z13) -> 0.4375 | AC13: =IF(Z13=0,"NA",COUNTIFS('Mango Blocks - 27.08 - LONG'!$E:$E,AC$2,'Mango Blocks - 27.08 - LONG'!$C:$C,$A13)/Z13) -> 0 | AD13: =IF(Z13=0,"NA",COUNTIFS('Mango Blocks - 27.08 - LONG'!$E:$E,AD$2,'Mango Blocks - 27.08 - LONG'!$C:$C,$A13)/Z13) -> 0 | AE13: =IF(Z13=0,"NA",COUNTIFS('Mango Blocks - 27.08 - LONG'!$E:$E,AE$2,'Mango Blocks - 27.08 - LONG'!$C:$C,$A13)/Z13) -> 0.125 | AF13: =IF(Z13=0,"NA",COUNTIFS('Mango Blocks - 27.08 - LONG'!$E:$E,AF$2,'Mango Blocks - 27.08 - LONG'!$C:$C,$A13)/Z13) -> 0.125 | AG13: =IF(Z13=0,"NA",COUNTIFS('Mango Blocks - 27.08 - LONG'!$E:$E,AG$2,'Mango Blocks - 27.08 - LONG'!$C:$C,$A13)/Z13) -> 0.3125 | AH13: =IF(AA13="NA","NA",SUM(AB13:AG13)) -> 1
A14: Block2_Q2 | B14: =COUNTIFS('Mango Blocks - 09.05 - LONG'!$E:$E,"<>NA",'Mango Blocks - 09.05 - LONG'!$E:$E,"<>OG",'Mango Blocks - 09.05 - LONG'!$E:$E,"<>-",'Mango Blocks - 09.05 - LONG'!$C:$C,$A14) -> 0 | C14: =IF($B14=0,"NA",COUNTIFS('Mango Blocks - 09.05 - LONG'!$E:$E,"H",'Mango Blocks - 09.05 - LONG'!$C:$C,$A14)) -> NA | D14: =IF($B14=0,"NA",COUNTIFS('Mango Blocks - 09.05 - LONG'!$E:$E,"H",'Mango Blocks - 09.05 - LONG'!$C:$C,$A14)/B14) -> NA | E14: =IF($B14=0,"NA",COUNTIFS('Mango Blocks - 09.05 - LONG'!$E:$E,"PBL",'Mango Blocks - 09.05 - LONG'!$C:$C,$A14)/B14) -> NA | F14: =IF($B14=0,"NA",COUNTIFS('Mango Blocks - 09.05 - LONG'!$E:$E,"FBL",'Mango Blocks - 09.05 - LONG'!$C:$C,$A14)/B14) -> NA | G14: =IF($B14=0,"NA",COUNTIFS('Mango Blocks - 09.05 - LONG'!$E:$E,"PRK",'Mango Blocks - 09.05 - LONG'!$C:$C,$A14)/B14) -> NA | H14: =IF($B14=0,"NA",COUNTIFS('Mango Blocks - 09.05 - LONG'!$E:$E,"FRK",'Mango Blocks - 09.05 - LONG'!$C:$C,$A14)/B14) -> NA | I14: =IF(C14="NA","NA",SUM(D14:H14)) -> NA | J14: =COUNTIFS('Mango Blocks - 13.06 - LONG'!$E:$E,"<>NA",'Mango Blocks - 13.06 - LONG'!$E:$E,"<>OG",'Mango Blocks - 13.06 - LONG'!$E:$E,"<>-",'Mango Blocks - 13.06 - LONG'!$C:$C,$A14) -> 0 | K14: =IF(J14=0,"NA",COUNTIFS('Mango Blocks - 13.06 - LONG'!$E:$E,"H",'Mango Blocks - 13.06 - LONG'!$C:$C,$A14)) -> NA | L14: =IF(J14=0,"NA",COUNTIFS('Mango Blocks - 13.06 - LONG'!$E:$E,"H",'Mango Blocks - 13.06 - LONG'!$C:$C,$A14)/J14) -> NA | M14: =IF(J14=0,"NA",COUNTIFS('Mango Blocks - 13.06 - LONG'!$E:$E,"PBL",'Mango Blocks - 13.06 - LONG'!$C:$C,$A14)/J14) -> NA | N14: =IF(J14=0,"NA",COUNTIFS('Mango Blocks - 13.06 - LONG'!$E:$E,"FBL",'Mango Blocks - 13.06 - LONG'!$C:$C,$A14)/J14) -> NA | O14: =IF(J14=0,"NA",COUNTIFS('Mango Blocks - 13.06 - LONG'!$E:$E,"PRK",'Mango Blocks - 13.06 - LONG'!$C:$C,$A14)/J14) -> NA | P14: =IF(J14=0,"NA",COUNTIFS('Mango Blocks - 13.06 - LONG'!$E:$E,"FRK",'Mango Blocks - 13.06 - LONG'!$C:$C,$A14)/J14) -> NA | Q14: =IF(K14="NA","NA",SUM(L14:P14)) -> NA | R14: =COUNTIFS('Mango Blocks - 03.08 - LONG'!$E:$E,"<>NA",'Mango Blocks - 03.08 - LONG'!$E:$E,"<>OG",'Mango Blocks - 03.08 - LONG'!$E:$E,"<>-",'Mango Blocks - 03.08 - LONG'!$C:$C,$A14) -> 18 | S14: =IF(R14=0,"NA",COUNTIFS('Mango Blocks - 03.08 - LONG'!$E:$E,"H",'Mango Blocks - 03.08 - LONG'!$C:$C,$A14)) -> 18 | T14: =IF(R14=0,"NA",COUNTIFS('Mango Blocks - 03.08 - LONG'!$E:$E,T$2,'Mango Blocks - 03.08 - LONG'!$C:$C,$A14)/R14) -> 1 | U14: =IF(R14=0,"NA",COUNTIFS('Mango Blocks - 03.08 - LONG'!$E:$E,U$2,'Mango Blocks - 03.08 - LONG'!$C:$C,$A14)/R14) -> 0 | V14: =IF(R14=0,"NA",COUNTIFS('Mango Blocks - 03.08 - LONG'!$E:$E,V$2,'Mango Blocks - 03.08 - LONG'!$C:$C,$A14)/R14) -> 0 | W14: =IF(R14=0,"NA",COUNTIFS('Mango Blocks - 03.08 - LONG'!$E:$E,W$2,'Mango Blocks - 03.08 - LONG'!$C:$C,$A14)/R14) -> 0 | X14: =IF(R14=0,"NA",COUNTIFS('Mango Blocks - 03.08 - LONG'!$E:$E,X$2,'Mango Blocks - 03.08 - LONG'!$C:$C,$A14)/R14) -> 0 | Y14: =IF(S14="NA","NA",SUM(T14:X14)) -> 1 | Z14: =COUNTIFS('Mango Blocks - 27.08 - LONG'!$E:$E,"<>NA",'Mango Blocks - 27.08 - LONG'!$E:$E,"<>OG",'Mango Blocks - 27.08 - LONG'!$E:$E,"<>-",'Mango Blocks - 27.08 - LONG'!$C:$C,$A14) -> 0 | AA14: =IF(Z14=0,"NA",COUNTIFS('Mango Blocks - 27.08 - LONG'!$E:$E,"H",'Mango Blocks - 27.08 - LONG'!$C:$C,$A14)) -> NA | AB14: =IF(Z14=0,"NA",COUNTIFS('Mango Blocks - 27.08 - LONG'!$E:$E,AB$2,'Mango Blocks - 27.08 - LONG'!$C:$C,$A14)/Z14) -> NA | AC14: =IF(Z14=0,"NA",COUNTIFS('Mango Blocks - 27.08 - LONG'!$E:$E,AC$2,'Mango Blocks - 27.08 - LONG'!$C:$C,$A14)/Z14) -> NA | AD14: =IF(Z14=0,"NA",COUNTIFS('Mango Blocks - 27.08 - LONG'!$E:$E,AD$2,'Mango Blocks - 27.08 - LONG'!$C:$C,$A14)/Z14) -> NA | AE14: =IF(Z14=0,"NA",COUNTIFS('Mango Blocks - 27.08 - LONG'!$E:$E,AE$2,'Mango Blocks - 27.08 - LONG'!$C:$C,$A14)/Z14) -> NA | AF14: =IF(Z14=0,"NA",COUNTIFS('Mango Blocks - 27.08 - LONG'!$E:$E,AF$2,'Mango Blocks - 27.08 - LONG'!$C:$C,$A14)/Z14) -> NA | AG14: =IF(Z14=0,"NA",COUNTIFS('Mango Blocks - 27.08 - LONG'!$E:$E,AG$2,'Mango Blocks - 27.08 - LONG'!$C:$C,$A14)/Z14) -> NA | AH14: =IF(AA14="NA","NA",SUM(AB14:AF14)) -> NA
A15: Block2_Q3 | B15: =COUNTIFS('Mango Blocks - 09.05 - LONG'!$E:$E,"<>NA",'Mango Blocks - 09.05 - LONG'!$E:$E,"<>OG",'Mango Blocks - 09.05 - LONG'!$E:$E,"<>-",'Mango Blocks - 09.05 - LONG'!$C:$C,$A15) -> 0 | C15: =IF($B15=0,"NA",COUNTIFS('Mango Blocks - 09.05 - LONG'!$E:$E,"H",'Mango Blocks - 09.05 - LONG'!$C:$C,$A15)) -> NA | D15: =IF($B15=0,"NA",COUNTIFS('Mango Blocks - 09.05 - LONG'!$E:$E,"H",'Mango Blocks - 09.05 - LONG'!$C:$C,$A15)/B15) -> NA | E15: =IF($B15=0,"NA",COUNTIFS('Mango Blocks - 09.05 - LONG'!$E:$E,"PBL",'Mango Blocks - 09.05 - LONG'!$C:$C,$A15)/B15) -> NA | F15: =IF($B15=0,"NA",COUNTIFS('Mango Blocks - 09.05 - LONG'!$E:$E,"FBL",'Mango Blocks - 09.05 - LONG'!$C:$C,$A15)/B15) -> NA | G15: =IF($B15=0,"NA",COUNTIFS('Mango Blocks - 09.05 - LONG'!$E:$E,"PRK",'Mango Blocks - 09.05 - LONG'!$C:$C,$A15)/B15) -> NA | H15: =IF($B15=0,"NA",COUNTIFS('Mango Blocks - 09.05 - LONG'!$E:$E,"FRK",'Mango Blocks - 09.05 - LONG'!$C:$C,$A15)/B15) -> NA | I15: =IF(C15="NA","NA",SUM(D15:H15)) -> NA | J15: =COUNTIFS('Mango Blocks - 13.06 - LONG'!$E:$E,"<>NA",'Mango Blocks - 13.06 - LONG'!$E:$E,"<>OG",'Mango Blocks - 13.06 - LONG'!$E:$E,"<>-",'Mango Blocks - 13.06 - LONG'!$C:$C,$A15) -> 0 | K15: =IF(J15=0,"NA",COUNTIFS('Mango Blocks - 13.06 - LONG'!$E:$E,"H",'Mango Blocks - 13.06 - LONG'!$C:$C,$A15)) -> NA | L15: =IF(J15=0,"NA",COUNTIFS('Mango Blocks - 13.06 - LONG'!$E:$E,"H",'Mango Blocks - 13.06 - LONG'!$C:$C,$A15)/J15) -> NA | M15: =IF(J15=0,"NA",COUNTIFS('Mango Blocks - 13.06 - LONG'!$E:$E,"PBL",'Mango Blocks - 13.06 - LONG'!$C:$C,$A15)/J15) -> NA | N15: =IF(J15=0,"NA",COUNTIFS('Mango Blocks - 13.06 - LONG'!$E:$E,"FBL",'Mango Blocks - 13.06 - LONG'!$C:$C,$A15)/J15) -> NA | O15: =IF(J15=0,"NA",COUNTIFS('Mango Blocks - 13.06 - LONG'!$E:$E,"PRK",'Mango Blocks - 13.06 - LONG'!$C:$C,$A15)/J15) -> NA | P15: =IF(J15=0,"NA",COUNTIFS('Mango Blocks - 13.06 - LONG'!$E:$E,"FRK",'Mango Blocks - 13.06 - LONG'!$C:$C,$A15)/J15) -> NA | Q15: =IF(K15="NA","NA",SUM(L15:P15)) -> NA | R15: =COUNTIFS('Mango Blocks - 03.08 - LONG'!$E:$E,"<>NA",'Mango Blocks - 03.08 - LONG'!$E:$E,"<>OG",'Mango Blocks - 03.08 - LONG'!$E:$E,"<>-",'Mango Blocks - 03.08 - LONG'!$C:$C,$A15) -> 4 | S15: =IF(R15=0,"NA",COUNTIFS('Mango Blocks - 03.08 - LONG'!$E:$E,"H",'Mango Blocks - 03.08 - LONG'!$C:$C,$A15)) -> 0 | T15: =IF(R15=0,"NA",COUNTIFS('Mango Blocks - 03.08 - LONG'!$E:$E,T$2,'Mango Blocks - 03.08 - LONG'!$C:$C,$A15)/R15) -> 0 | U15: =IF(R15=0,"NA",COUNTIFS('Mango Blocks - 03.08 - LONG'!$E:$E,U$2,'Mango Blocks - 03.08 - LONG'!$C:$C,$A15)/R15) -> 1 | V15: =IF(R15=0,"NA",COUNTIFS('Mango Blocks - 03.08 - LONG'!$E:$E,V$2,'Mango Blocks - 03.08 - LONG'!$C:$C,$A15)/R15) -> 0 | W15: =IF(R15=0,"NA",COUNTIFS('Mango Blocks - 03.08 - LONG'!$E:$E,W$2,'Mango Blocks - 03.08 - LONG'!$C:$C,$A15)/R15) -> 0 | X15: =IF(R15=0,"NA",COUNTIFS('Mango Blocks - 03.08 - LONG'!$E:$E,X$2,'Mango Blocks - 03.08 - LONG'!$C:$C,$A15)/R15) -> 0 | Y15: =IF(S15="NA","NA",SUM(T15:X15)) -> 1 | Z15: =COUNTIFS('Mango Blocks - 27.08 - LONG'!$E:$E,"<>NA",'Mango Blocks - 27.08 - LONG'!$E:$E,"<>OG",'Mango Blocks - 27.08 - LONG'!$E:$E,"<>-",'Mango Blocks - 27.08 - LONG'!$C:$C,$A15) -> 0 | AA15: =IF(Z15=0,"NA",COUNTIFS('Mango Blocks - 27.08 - LONG'!$E:$E,"H",'Mango Blocks - 27.08 - LONG'!$C:$C,$A15)) -> NA | AB15: =IF(Z15=0,"NA",COUNTIFS('Mango Blocks - 27.08 - LONG'!$E:$E,AB$2,'Mango Blocks - 27.08 - LONG'!$C:$C,$A15)/Z15) -> NA | AC15: =IF(Z15=0,"NA",COUNTIFS('Mango Blocks - 27.08 - LONG'!$E:$E,AC$2,'Mango Blocks - 27.08 - LONG'!$C:$C,$A15)/Z15) -> NA | AD15: =IF(Z15=0,"NA",COUNTIFS('Mango Blocks - 27.08 - LONG'!$E:$E,AD$2,'Mango Blocks - 27.08 - LONG'!$C:$C,$A15)/Z15) -> NA | AE15: =IF(Z15=0,"NA",COUNTIFS('Mango Blocks - 27.08 - LONG'!$E:$E,AE$2,'Mango Blocks - 27.08 - LONG'!$C:$C,$A15)/Z15) -> NA | AF15: =IF(Z15=0,"NA",COUNTIFS('Mango Blocks - 27.08 - LONG'!$E:$E,AF$2,'Mango Blocks - 27.08 - LONG'!$C:$C,$A15)/Z15) -> NA | AG15: =IF(Z15=0,"NA",COUNTIFS('Mango Blocks - 27.08 - LONG'!$E:$E,AG$2,'Mango Blocks - 27.08 - LONG'!$C:$C,$A15)/Z15) -> NA | AH15: =IF(AA15="NA","NA",SUM(AB15:AF15)) -> NA
A16: Block2_Q4 | B16: =COUNTIFS('Mango Blocks - 09.05 - LONG'!$E:$E,"<>NA",'Mango Blocks - 09.05 - LONG'!$E:$E,"<>OG",'Mango Blocks - 09.05 - LONG'!$E:$E,"<>-",'Mango Blocks - 09.05 - LONG'!$C:$C,$A16) -> 17 | C16: =IF($B16=0,"NA",COUNTIFS('Mango Blocks - 09.05 - LONG'!$E:$E,"H",'Mango Blocks - 09.05 - LONG'!$C:$C,$A16)) -> 13 | D16: =IF($B16=0,"NA",COUNTIFS('Mango Blocks - 09.05 - LONG'!$E:$E,"H",'Mango Blocks - 09.05 - LONG'!$C:$C,$A16)/B16) -> 0.76470588 | E16: =IF($B16=0,"NA",COUNTIFS('Mango Blocks - 09.05 - LONG'!$E:$E,"PBL",'Mango Blocks - 09.05 - LONG'!$C:$C,$A16)/B16) -> 0.058823529 | F16: =IF($B16=0,"NA",COUNTIFS('Mango Blocks - 09.05 - LONG'!$E:$E,"FBL",'Mango Blocks - 09.05 - LONG'!$C:$C,$A16)/B16) -> 0 | G16: =IF($B16=0,"NA",COUNTIFS('Mango Blocks - 09.05 - LONG'!$E:$E,"PRK",'Mango Blocks - 09.05 - LONG'!$C:$C,$A16)/B16) -> 0.17647059 | H16: =IF($B16=0,"NA",COUNTIFS('Mango Blocks - 09.05 - LONG'!$E:$E,"FRK",'Mango Blocks - 09.05 - LONG'!$C:$C,$A16)/B16) -> 0 | I16: =IF(C16="NA","NA",SUM(D16:H16)) -> 1 | J16: =COUNTIFS('Mango Blocks - 13.06 - LONG'!$E:$E,"<>NA",'Mango Blocks - 13.06 - LONG'!$E:$E,"<>OG",'Mango Blocks - 13.06 - LONG'!$E:$E,"<>-",'Mango Blocks - 13.06 - LONG'!$C:$C,$A16) -> 0 | K16: =IF(J16=0,"NA",COUNTIFS('Mango Blocks - 13.06 - LONG'!$E:$E,"H",'Mango Blocks - 13.06 - LONG'!$C:$C,$A16)) -> NA | L16: =IF(J16=0,"NA",COUNTIFS('Mango Blocks - 13.06 - LONG'!$E:$E,"H",'Mango Blocks - 13.06 - LONG'!$C:$C,$A16)/J16) -> NA | M16: =IF(J16=0,"NA",COUNTIFS('Mango Blocks - 13.06 - LONG'!$E:$E,"PBL",'Mango Blocks - 13.06 - LONG'!$C:$C,$A16)/J16) -> NA | N16: =IF(J16=0,"NA",COUNTIFS('Mango Blocks - 13.06 - LONG'!$E:$E,"FBL",'Mango Blocks - 13.06 - LONG'!$C:$C,$A16)/J16) -> NA | O16: =IF(J16=0,"NA",COUNTIFS('Mango Blocks - 13.06 - LONG'!$E:$E,"PRK",'Mango Blocks - 13.06 - LONG'!$C:$C,$A16)/J16) -> NA | P16: =IF(J16=0,"NA",COUNTIFS('Mango Blocks - 13.06 - LONG'!$E:$E,"FRK",'Mango Blocks - 13.06 - LONG'!$C:$C,$A16)/J16) -> NA | Q16: =IF(K16="NA","NA",SUM(L16:P16)) -> NA | R16: =COUNTIFS('Mango Blocks - 03.08 - LONG'!$E:$E,"<>NA",'Mango Blocks - 03.08 - LONG'!$E:$E,"<>OG",'Mango Blocks - 03.08 - LONG'!$E:$E,"<>-",'Mango Blocks - 03.08 - LONG'!$C:$C,$A16) -> 0 | S16: =IF(R16=0,"NA",COUNTIFS('Mango Blocks - 03.08 - LONG'!$E:$E,"H",'Mango Blocks - 03.08 - LONG'!$C:$C,$A16)) -> NA | T16: =IF(R16=0,"NA",COUNTIFS('Mango Blocks - 03.08 - LONG'!$E:$E,T$2,'Mango Blocks - 03.08 - LONG'!$C:$C,$A16)/R16) -> NA | U16: =IF(R16=0,"NA",COUNTIFS('Mango Blocks - 03.08 - LONG'!$E:$E,U$2,'Mango Blocks - 03.08 - LONG'!$C:$C,$A16)/R16) -> NA | V16: =IF(R16=0,"NA",COUNTIFS('Mango Blocks - 03.08 - LONG'!$E:$E,V$2,'Mango Blocks - 03.08 - LONG'!$C:$C,$A16)/R16) -> NA | W16: =IF(R16=0,"NA",COUNTIFS('Mango Blocks - 03.08 - LONG'!$E:$E,W$2,'Mango Blocks - 03.08 - LONG'!$C:$C,$A16)/R16) -> NA | X16: =IF(R16=0,"NA",COUNTIFS('Mango Blocks - 03.08 - LONG'!$E:$E,X$2,'Mango Blocks - 03.08 - LONG'!$C:$C,$A16)/R16) -> NA | Y16: =IF(S16="NA","NA",SUM(T16:X16)) -> NA | Z16: =COUNTIFS('Mango Blocks - 27.08 - LONG'!$E:$E,"<>NA",'Mango Blocks - 27.08 - LONG'!$E:$E,"<>OG",'Mango Blocks - 27.08 - LONG'!$E:$E,"<>-",'Mango Blocks - 27.08 - LONG'!$C:$C,$A16) -> 0 | AA16: =IF(Z16=0,"NA",COUNTIFS('Mango Blocks - 27.08 - LONG'!$E:$E,"H",'Mango Blocks - 27.08 - LONG'!$C:$C,$A16)) -> NA | AB16: =IF(Z16=0,"NA",COUNTIFS('Mango Blocks - 27.08 - LONG'!$E:$E,AB$2,'Mango Blocks - 27.08 - LONG'!$C:$C,$A16)/Z16) -> NA | AC16: =IF(Z16=0,"NA",COUNTIFS('Mango Blocks - 27.08 - LONG'!$E:$E,AC$2,'Mango Blocks - 27.08 - LONG'!$C:$C,$A16)/Z16) -> NA | AD16: =IF(Z16=0,"NA",COUNTIFS('Mango Blocks - 27.08 - LONG'!$E:$E,AD$2,'Mango Blocks - 27.08 - LONG'!$C:$C,$A16)/Z16) -> NA | AE16: =IF(Z16=0,"NA",COUNTIFS('Mango Blocks - 27.08 - LONG'!$E:$E,AE$2,'Mango Blocks - 27.08 - LONG'!$C:$C,$A16)/Z16) -> NA | AF16: =IF(Z16=0,"NA",COUNTIFS('Mango Blocks - 27.08 - LONG'!$E:$E,AF$2,'Mango Blocks - 27.08 - LONG'!$C:$C,$A16)/Z16) -> NA | AG16: =IF(Z16=0,"NA",COUNTIFS('Mango Blocks - 27.08 - LONG'!$E:$E,AG$2,'Mango Blocks - 27.08 - LONG'!$C:$C,$A16)/Z16) -> NA | AH16: =IF(AA16="NA","NA",SUM(AB16:AF16)) -> NA
A17: Block2_Q5 | B17: =COUNTIFS('Mango Blocks - 09.05 - LONG'!$E:$E,"<>NA",'Mango Blocks - 09.05 - LONG'!$E:$E,"<>OG",'Mango Blocks - 09.05 - LONG'!$E:$E,"<>-",'Mango Blocks - 09.05 - LONG'!$C:$C,$A17) -> 2 | C17: =IF($B17=0,"NA",COUNTIFS('Mango Blocks - 09.05 - LONG'!$E:$E,"H",'Mango Blocks - 09.05 - LONG'!$C:$C,$A17)) -> 0 | D17: =IF($B17=0,"NA",COUNTIFS('Mango Blocks - 09.05 - LONG'!$E:$E,"H",'Mango Blocks - 09.05 - LONG'!$C:$C,$A17)/B17) -> 0 | E17: =IF($B17=0,"NA",COUNTIFS('Mango Blocks - 09.05 - LONG'!$E:$E,"PBL",'Mango Blocks - 09.05 - LONG'!$C:$C,$A17)/B17) -> 1 | F17: =IF($B17=0,"NA",COUNTIFS('Mango Blocks - 09.05 - LONG'!$E:$E,"FBL",'Mango Blocks - 09.05 - LONG'!$C:$C,$A17)/B17) -> 0 | G17: =IF($B17=0,"NA",COUNTIFS('Mango Blocks - 09.05 - LONG'!$E:$E,"PRK",'Mango Blocks - 09.05 - LONG'!$C:$C,$A17)/B17) -> 0 | H17: =IF($B17=0,"NA",COUNTIFS('Mango Blocks - 09.05 - LONG'!$E:$E,"FRK",'Mango Blocks - 09.05 - LONG'!$C:$C,$A17)/B17) -> 0 | I17: =IF(C17="NA","NA",SUM(D17:H17)) -> 1 | J17: =COUNTIFS('Mango Blocks - 13.06 - LONG'!$E:$E,"<>NA",'Mango Blocks - 13.06 - LONG'!$E:$E,"<>OG",'Mango Blocks - 13.06 - LONG'!$E:$E,"<>-",'Mango Blocks - 13.06 - LONG'!$C:$C,$A17) -> 0 | K17: =IF(J17=0,"NA",COUNTIFS('Mango Blocks - 13.06 - LONG'!$E:$E,"H",'Mango Blocks - 13.06 - LONG'!$C:$C,$A17)) -> NA | L17: =IF(J17=0,"NA",COUNTIFS('Mango Blocks - 13.06 - LONG'!$E:$E,"H",'Mango Blocks - 13.06 - LONG'!$C:$C,$A17)/J17) -> NA | M17: =IF(J17=0,"NA",COUNTIFS('Mango Blocks - 13.06 - LONG'!$E:$E,"PBL",'Mango Blocks - 13.06 - LONG'!$C:$C,$A17)/J17) -> NA | N17: =IF(J17=0,"NA",COUNTIFS('Mango Blocks - 13.06 - LONG'!$E:$E,"FBL",'Mango Blocks - 13.06 - LONG'!$C:$C,$A17)/J17) -> NA | O17: =IF(J17=0,"NA",COUNTIFS('Mango Blocks - 13.06 - LONG'!$E:$E,"PRK",'Mango Blocks - 13.06 - LONG'!$C:$C,$A17)/J17) -> NA | P17: =IF(J17=0,"NA",COUNTIFS('Mango Blocks - 13.06 - LONG'!$E:$E,"FRK",'Mango Blocks - 13.06 - LONG'!$C:$C,$A17)/J17) -> NA | Q17: =IF(K17="NA","NA",SUM(L17:P17)) -> NA | R17: =COUNTIFS('Mango Blocks - 03.08 - LONG'!$E:$E,"<>NA",'Mango Blocks - 03.08 - LONG'!$E:$E,"<>OG",'Mango Blocks - 03.08 - LONG'!$E:$E,"<>-",'Mango Blocks - 03.08 - LONG'!$C:$C,$A17) -> 0 | S17: =IF(R17=0,"NA",COUNTIFS('Mango Blocks - 03.08 - LONG'!$E:$E,"H",'Mango Blocks - 03.08 - LONG'!$C:$C,$A17)) -> NA | T17: =IF(R17=0,"NA",COUNTIFS('Mango Blocks - 03.08 - LONG'!$E:$E,T$2,'Mango Blocks - 03.08 - LONG'!$C:$C,$A17)/R17) -> NA | U17: =IF(R17=0,"NA",COUNTIFS('Mango Blocks - 03.08 - LONG'!$E:$E,U$2,'Mango Blocks - 03.08 - LONG'!$C:$C,$A17)/R17) -> NA | V17: =IF(R17=0,"NA",COUNTIFS('Mango Blocks - 03.08 - LONG'!$E:$E,V$2,'Mango Blocks - 03.08 - LONG'!$C:$C,$A17)/R17) -> NA | W17: =IF(R17=0,"NA",COUNTIFS('Mango Blocks - 03.08 - LONG'!$E:$E,W$2,'Mango Blocks - 03.08 - LONG'!$C:$C,$A17)/R17) -> NA | X17: =IF(R17=0,"NA",COUNTIFS('Mango Blocks - 03.08 - LONG'!$E:$E,X$2,'Mango Blocks - 03.08 - LONG'!$C:$C,$A17)/R17) -> NA | Y17: =IF(S17="NA","NA",SUM(T17:X17)) -> NA | Z17: =COUNTIFS('Mango Blocks - 27.08 - LONG'!$E:$E,"<>NA",'Mango Blocks - 27.08 - LONG'!$E:$E,"<>OG",'Mango Blocks - 27.08 - LONG'!$E:$E,"<>-",'Mango Blocks - 27.08 - LONG'!$C:$C,$A17) -> 0 | AA17: =IF(Z17=0,"NA",COUNTIFS('Mango Blocks - 27.08 - LONG'!$E:$E,"H",'Mango Blocks - 27.08 - LONG'!$C:$C,$A17)) -> NA | AB17: =IF(Z17=0,"NA",COUNTIFS('Mango Blocks - 27.08 - LONG'!$E:$E,AB$2,'Mango Blocks - 27.08 - LONG'!$C:$C,$A17)/Z17) -> NA | AC17: =IF(Z17=0,"NA",COUNTIFS('Mango Blocks - 27.08 - LONG'!$E:$E,AC$2,'Mango Blocks - 27.08 - LONG'!$C:$C,$A17)/Z17) -> NA | AD17: =IF(Z17=0,"NA",COUNTIFS('Mango Blocks - 27.08 - LONG'!$E:$E,AD$2,'Mango Blocks - 27.08 - LONG'!$C:$C,$A17)/Z17) -> NA | AE17: =IF(Z17=0,"NA",COUNTIFS('Mango Blocks - 27.08 - LONG'!$E:$E,AE$2,'Mango Blocks - 27.08 - LONG'!$C:$C,$A17)/Z17) -> NA | AF17: =IF(Z17=0,"NA",COUNTIFS('Mango Blocks - 27.08 - LONG'!$E:$E,AF$2,'Mango Blocks - 27.08 - LONG'!$C:$C,$A17)/Z17) -> NA | AG17: =IF(Z17=0,"NA",COUNTIFS('Mango Blocks - 27.08 - LONG'!$E:$E,AG$2,'Mango Blocks - 27.08 - LONG'!$C:$C,$A17)/Z17) -> NA | AH17: =IF(AA17="NA","NA",SUM(AB17:AF17)) -> NA
A18: Block2_Q6 | B18: =COUNTIFS('Mango Blocks - 09.05 - LONG'!$E:$E,"<>NA",'Mango Blocks - 09.05 - LONG'!$E:$E,"<>OG",'Mango Blocks - 09.05 - LONG'!$E:$E,"<>-",'Mango Blocks - 09.05 - LONG'!$C:$C,$A18) -> 0 | C18: =IF($B18=0,"NA",COUNTIFS('Mango Blocks - 09.05 - LONG'!$E:$E,"H",'Mango Blocks - 09.05 - LONG'!$C:$C,$A18)) -> NA | D18: =IF($B18=0,"NA",COUNTIFS('Mango Blocks - 09.05 - LONG'!$E:$E,"H",'Mango Blocks - 09.05 - LONG'!$C:$C,$A18)/B18) -> NA | E18: =IF($B18=0,"NA",COUNTIFS('Mango Blocks - 09.05 - LONG'!$E:$E,"PBL",'Mango Blocks - 09.05 - LONG'!$C:$C,$A18)/B18) -> NA | F18: =IF($B18=0,"NA",COUNTIFS('Mango Blocks - 09.05 - LONG'!$E:$E,"FBL",'Mango Blocks - 09.05 - LONG'!$C:$C,$A18)/B18) -> NA | G18: =IF($B18=0,"NA",COUNTIFS('Mango Blocks - 09.05 - LONG'!$E:$E,"PRK",'Mango Blocks - 09.05 - LONG'!$C:$C,$A18)/B18) -> NA | H18: =IF($B18=0,"NA",COUNTIFS('Mango Blocks - 09.05 - LONG'!$E:$E,"FRK",'Mango Blocks - 09.05 - LONG'!$C:$C,$A18)/B18) -> NA | I18: =IF(C18="NA","NA",SUM(D18:H18)) -> NA | J18: =COUNTIFS('Mango Blocks - 13.06 - LONG'!$E:$E,"<>NA",'Mango Blocks - 13.06 - LONG'!$E:$E,"<>OG",'Mango Blocks - 13.06 - LONG'!$E:$E,"<>-",'Mango Blocks - 13.06 - LONG'!$C:$C,$A18) -> 0 | K18: =IF(J18=0,"NA",COUNTIFS('Mango Blocks - 13.06 - LONG'!$E:$E,"H",'Mango Blocks - 13.06 - LONG'!$C:$C,$A18)) -> NA | L18: =IF(J18=0,"NA",COUNTIFS('Mango Blocks - 13.06 - LONG'!$E:$E,"H",'Mango Blocks - 13.06 - LONG'!$C:$C,$A18)/J18) -> NA | M18: =IF(J18=0,"NA",COUNTIFS('Mango Blocks - 13.06 - LONG'!$E:$E,"PBL",'Mango Blocks - 13.06 - LONG'!$C:$C,$A18)/J18) -> NA | N18: =IF(J18=0,"NA",COUNTIFS('Mango Blocks - 13.06 - LONG'!$E:$E,"FBL",'Mango Blocks - 13.06 - LONG'!$C:$C,$A18)/J18) -> NA | O18: =IF(J18=0,"NA",COUNTIFS('Mango Blocks - 13.06 - LONG'!$E:$E,"PRK",'Mango Blocks - 13.06 - LONG'!$C:$C,$A18)/J18) -> NA | P18: =IF(J18=0,"NA",COUNTIFS('Mango Blocks - 13.06 - LONG'!$E:$E,"FRK",'Mango Blocks - 13.06 - LONG'!$C:$C,$A18)/J18) -> NA | Q18: =IF(K18="NA","NA",SUM(L18:P18)) -> NA | R18: =COUNTIFS('Mango Blocks - 03.08 - LONG'!$E:$E,"<>NA",'Mango Blocks - 03.08 - LONG'!$E:$E,"<>OG",'Mango Blocks - 03.08 - LONG'!$E:$E,"<>-",'Mango Blocks - 03.08 - LONG'!$C:$C,$A18) -> 0 | S18: =IF(R18=0,"NA",COUNTIFS('Mango Blocks - 03.08 - LONG'!$E:$E,"H",'Mango Blocks - 03.08 - LONG'!$C:$C,$A18)) -> NA | T18: =IF(R18=0,"NA",COUNTIFS('Mango Blocks - 03.08 - LONG'!$E:$E,T$2,'Mango Blocks - 03.08 - LONG'!$C:$C,$A18)/R18) -> NA | U18: =IF(R18=0,"NA",COUNTIFS('Mango Blocks - 03.08 - LONG'!$E:$E,U$2,'Mango Blocks - 03.08 - LONG'!$C:$C,$A18)/R18) -> NA | V18: =IF(R18=0,"NA",COUNTIFS('Mango Blocks - 03.08 - LONG'!$E:$E,V$2,'Mango Blocks - 03.08 - LONG'!$C:$C,$A18)/R18) -> NA | W18: =IF(R18=0,"NA",COUNTIFS('Mango Blocks - 03.08 - LONG'!$E:$E,W$2,'Mango Blocks - 03.08 - LONG'!$C:$C,$A18)/R18) -> NA | X18: =IF(R18=0,"NA",COUNTIFS('Mango Blocks - 03.08 - LONG'!$E:$E,X$2,'Mango Blocks - 03.08 - LONG'!$C:$C,$A18)/R18) -> NA | Y18: =IF(S18="NA","NA",SUM(T18:X18)) -> NA | Z18: =COUNTIFS('Mango Blocks - 27.08 - LONG'!$E:$E,"<>NA",'Mango Blocks - 27.08 - LONG'!$E:$E,"<>OG",'Mango Blocks - 27.08 - LONG'!$E:$E,"<>-",'Mango Blocks - 27.08 - LONG'!$C:$C,$A18) -> 0 | AA18: =IF(Z18=0,"NA",COUNTIFS('Mango Blocks - 27.08 - LONG'!$E:$E,"H",'Mango Blocks - 27.08 - LONG'!$C:$C,$A18)) -> NA | AB18: =IF(Z18=0,"NA",COUNTIFS('Mango Blocks - 27.08 - LONG'!$E:$E,AB$2,'Mango Blocks - 27.08 - LONG'!$C:$C,$A18)/Z18) -> NA | AC18: =IF(Z18=0,"NA",COUNTIFS('Mango Blocks - 27.08 - LONG'!$E:$E,AC$2,'Mango Blocks - 27.08 - LONG'!$C:$C,$A18)/Z18) -> NA | AD18: =IF(Z18=0,"NA",COUNTIFS('Mango Blocks - 27.08 - LONG'!$E:$E,AD$2,'Mango Blocks - 27.08 - LONG'!$C:$C,$A18)/Z18) -> NA | AE18: =IF(Z18=0,"NA",COUNTIFS('Mango Blocks - 27.08 - LONG'!$E:$E,AE$2,'Mango Blocks - 27.08 - LONG'!$C:$C,$A18)/Z18) -> NA | AF18: =IF(Z18=0,"NA",COUNTIFS('Mango Blocks - 27.08 - LONG'!$E:$E,AF$2,'Mango Blocks - 27.08 - LONG'!$C:$C,$A18)/Z18) -> NA | AG18: =IF(Z18=0,"NA",COUNTIFS('Mango Blocks - 27.08 - LONG'!$E:$E,AG$2,'Mango Blocks - 27.08 - LONG'!$C:$C,$A18)/Z18) -> NA | AH18: =IF(AA18="NA","NA",SUM(AB18:AF18)) -> NA
A19: Block2_Q7 | B19: =COUNTIFS('Mango Blocks - 09.05 - LONG'!$E:$E,"<>NA",'Mango Blocks - 09.05 - LONG'!$E:$E,"<>OG",'Mango Blocks - 09.05 - LONG'!$E:$E,"<>-",'Mango Blocks - 09.05 - LONG'!$C:$C,$A19) -> 0 | C19: =IF($B19=0,"NA",COUNTIFS('Mango Blocks - 09.05 - LONG'!$E:$E,"H",'Mango Blocks - 09.05 - LONG'!$C:$C,$A19)) -> NA | D19: =IF($B19=0,"NA",COUNTIFS('Mango Blocks - 09.05 - LONG'!$E:$E,"H",'Mango Blocks - 09.05 - LONG'!$C:$C,$A19)/B19) -> NA | E19: =IF($B19=0,"NA",COUNTIFS('Mango Blocks - 09.05 - LONG'!$E:$E,"PBL",'Mango Blocks - 09.05 - LONG'!$C:$C,$A19)/B19) -> NA | F19: =IF($B19=0,"NA",COUNTIFS('Mango Blocks - 09.05 - LONG'!$E:$E,"FBL",'Mango Blocks - 09.05 - LONG'!$C:$C,$A19)/B19) -> NA | G19: =IF($B19=0,"NA",COUNTIFS('Mango Blocks - 09.05 - LONG'!$E:$E,"PRK",'Mango Blocks - 09.05 - LONG'!$C:$C,$A19)/B19) -> NA | H19: =IF($B19=0,"NA",COUNTIFS('Mango Blocks - 09.05 - LONG'!$E:$E,"FRK",'Mango Blocks - 09.05 - LONG'!$C:$C,$A19)/B19) -> NA | I19: =IF(C19="NA","NA",SUM(D19:H19)) -> NA | J19: =COUNTIFS('Mango Blocks - 13.06 - LONG'!$E:$E,"<>NA",'Mango Blocks - 13.06 - LONG'!$E:$E,"<>OG",'Mango Blocks - 13.06 - LONG'!$E:$E,"<>-",'Mango Blocks - 13.06 - LONG'!$C:$C,$A19) -> 0 | K19: =IF(J19=0,"NA",COUNTIFS('Mango Blocks - 13.06 - LONG'!$E:$E,"H",'Mango Blocks - 13.06 - LONG'!$C:$C,$A19)) -> NA | L19: =IF(J19=0,"NA",COUNTIFS('Mango Blocks - 13.06 - LONG'!$E:$E,"H",'Mango Blocks - 13.06 - LONG'!$C:$C,$A19)/J19) -> NA | M19: =IF(J19=0,"NA",COUNTIFS('Mango Blocks - 13.06 - LONG'!$E:$E,"PBL",'Mango Blocks - 13.06 - LONG'!$C:$C,$A19)/J19) -> NA | N19: =IF(J19=0,"NA",COUNTIFS('Mango Blocks - 13.06 - LONG'!$E:$E,"FBL",'Mango Blocks - 13.06 - LONG'!$C:$C,$A19)/J19) -> NA | O19: =IF(J19=0,"NA",COUNTIFS('Mango Blocks - 13.06 - LONG'!$E:$E,"PRK",'Mango Blocks - 13.06 - LONG'!$C:$C,$A19)/J19) -> NA | P19: =IF(J19=0,"NA",COUNTIFS('Mango Blocks - 13.06 - LONG'!$E:$E,"FRK",'Mango Blocks - 13.06 - LONG'!$C:$C,$A19)/J19) -> NA | Q19: =IF(K19="NA","NA",SUM(L19:P19)) -> NA | R19: =COUNTIFS('Mango Blocks - 03.08 - LONG'!$E:$E,"<>NA",'Mango Blocks - 03.08 - LONG'!$E:$E,"<>OG",'Mango Blocks - 03.08 - LONG'!$E:$E,"<>-",'Mango Blocks - 03.08 - LONG'!$C:$C,$A19) -> 0 | S19: =IF(R19=0,"NA",COUNTIFS('Mango Blocks - 03.08 - LONG'!$E:$E,"H",'Mango Blocks - 03.08 - LONG'!$C:$C,$A19)) -> NA | T19: =IF(R19=0,"NA",COUNTIFS('Mango Blocks - 03.08 - LONG'!$E:$E,T$2,'Mango Blocks - 03.08 - LONG'!$C:$C,$A19)/R19) -> NA | U19: =IF(R19=0,"NA",COUNTIFS('Mango Blocks - 03.08 - LONG'!$E:$E,U$2,'Mango Blocks - 03.08 - LONG'!$C:$C,$A19)/R19) -> NA | V19: =IF(R19=0,"NA",COUNTIFS('Mango Blocks - 03.08 - LONG'!$E:$E,V$2,'Mango Blocks - 03.08 - LONG'!$C:$C,$A19)/R19) -> NA | W19: =IF(R19=0,"NA",COUNTIFS('Mango Blocks - 03.08 - LONG'!$E:$E,W$2,'Mango Blocks - 03.08 - LONG'!$C:$C,$A19)/R19) -> NA | X19: =IF(R19=0,"NA",COUNTIFS('Mango Blocks - 03.08 - LONG'!$E:$E,X$2,'Mango Blocks - 03.08 - LONG'!$C:$C,$A19)/R19) -> NA | Y19: =IF(S19="NA","NA",SUM(T19:X19)) -> NA | Z19: =COUNTIFS('Mango Blocks - 27.08 - LONG'!$E:$E,"<>NA",'Mango Blocks - 27.08 - LONG'!$E:$E,"<>OG",'Mango Blocks - 27.08 - LONG'!$E:$E,"<>-",'Mango Blocks - 27.08 - LONG'!$C:$C,$A19) -> 0 | AA19: =IF(Z19=0,"NA",COUNTIFS('Mango Blocks - 27.08 - LONG'!$E:$E,"H",'Mango Blocks - 27.08 - LONG'!$C:$C,$A19)) -> NA | AB19: =IF(Z19=0,"NA",COUNTIFS('Mango Blocks - 27.08 - LONG'!$E:$E,AB$2,'Mango Blocks - 27.08 - LONG'!$C:$C,$A19)/Z19) -> NA | AC19: =IF(Z19=0,"NA",COUNTIFS('Mango Blocks - 27.08 - LONG'!$E:$E,AC$2,'Mango Blocks - 27.08 - LONG'!$C:$C,$A19)/Z19) -> NA | AD19: =IF(Z19=0,"NA",COUNTIFS('Mango Blocks - 27.08 - LONG'!$E:$E,AD$2,'Mango Blocks - 27.08 - LONG'!$C:$C,$A19)/Z19) -> NA | AE19: =IF(Z19=0,"NA",COUNTIFS('Mango Blocks - 27.08 - LONG'!$E:$E,AE$2,'Mango Blocks - 27.08 - LONG'!$C:$C,$A19)/Z19) -> NA | AF19: =IF(Z19=0,"NA",COUNTIFS('Mango Blocks - 27.08 - LONG'!$E:$E,AF$2,'Mango Blocks - 27.08 - LONG'!$C:$C,$A19)/Z19) -> NA | AG19: =IF(Z19=0,"NA",COUNTIFS('Mango Blocks - 27.08 - LONG'!$E:$E,AG$2,'Mango Blocks - 27.08 - LONG'!$C:$C,$A19)/Z19) -> NA | AH19: =IF(AA19="NA","NA",SUM(AB19:AF19)) -> NA
A20: Block2_Q8 | B20: =COUNTIFS('Mango Blocks - 09.05 - LONG'!$E:$E,"<>NA",'Mango Blocks - 09.05 - LONG'!$E:$E,"<>OG",'Mango Blocks - 09.05 - LONG'!$E:$E,"<>-",'Mango Blocks - 09.05 - LONG'!$C:$C,$A20) -> 0 | C20: =IF($B20=0,"NA",COUNTIFS('Mango Blocks - 09.05 - LONG'!$E:$E,"H",'Mango Blocks - 09.05 - LONG'!$C:$C,$A20)) -> NA | D20: =IF($B20=0,"NA",COUNTIFS('Mango Blocks - 09.05 - LONG'!$E:$E,"H",'Mango Blocks - 09.05 - LONG'!$C:$C,$A20)/B20) -> NA | E20: =IF($B20=0,"NA",COUNTIFS('Mango Blocks - 09.05 - LONG'!$E:$E,"PBL",'Mango Blocks - 09.05 - LONG'!$C:$C,$A20)/B20) -> NA | F20: =IF($B20=0,"NA",COUNTIFS('Mango Blocks - 09.05 - LONG'!$E:$E,"FBL",'Mango Blocks - 09.05 - LONG'!$C:$C,$A20)/B20) -> NA | G20: =IF($B20=0,"NA",COUNTIFS('Mango Blocks - 09.05 - LONG'!$E:$E,"PRK",'Mango Blocks - 09.05 - LONG'!$C:$C,$A20)/B20) -> NA | H20: =IF($B20=0,"NA",COUNTIFS('Mango Blocks - 09.05 - LONG'!$E:$E,"FRK",'Mango Blocks - 09.05 - LONG'!$C:$C,$A20)/B20) -> NA | I20: =IF(C20="NA","NA",SUM(D20:H20)) -> NA | J20: =COUNTIFS('Mango Blocks - 13.06 - LONG'!$E:$E,"<>NA",'Mango Blocks - 13.06 - LONG'!$E:$E,"<>OG",'Mango Blocks - 13.06 - LONG'!$E:$E,"<>-",'Mango Blocks - 13.06 - LONG'!$C:$C,$A20) -> 0 | K20: =IF(J20=0,"NA",COUNTIFS('Mango Blocks - 13.06 - LONG'!$E:$E,"H",'Mango Blocks - 13.06 - LONG'!$C:$C,$A20)) -> NA | L20: =IF(J20=0,"NA",COUNTIFS('Mango Blocks - 13.06 - LONG'!$E:$E,"H",'Mango Blocks - 13.06 - LONG'!$C:$C,$A20)/J20) -> NA | M20: =IF(J20=0,"NA",COUNTIFS('Mango Blocks - 13.06 - LONG'!$E:$E,"PBL",'Mango Blocks - 13.06 - LONG'!$C:$C,$A20)/J20) -> NA | N20: =IF(J20=0,"NA",COUNTIFS('Mango Blocks - 13.06 - LONG'!$E:$E,"FBL",'Mango Blocks - 13.06 - LONG'!$C:$C,$A20)/J20) -> NA | O20: =IF(J20=0,"NA",COUNTIFS('Mango Blocks - 13.06 - LONG'!$E:$E,"PRK",'Mango Blocks - 13.06 - LONG'!$C:$C,$A20)/J20) -> NA | P20: =IF(J20=0,"NA",COUNTIFS('Mango Blocks - 13.06 - LONG'!$E:$E,"FRK",'Mango Blocks - 13.06 - LONG'!$C:$C,$A20)/J20) -> NA | Q20: =IF(K20="NA","NA",SUM(L20:P20)) -> NA | R20: =COUNTIFS('Mango Blocks - 03.08 - LONG'!$E:$E,"<>NA",'Mango Blocks - 03.08 - LONG'!$E:$E,"<>OG",'Mango Blocks - 03.08 - LONG'!$E:$E,"<>-",'Mango Blocks - 03.08 - LONG'!$C:$C,$A20) -> 0 | S20: =IF(R20=0,"NA",COUNTIFS('Mango Blocks - 03.08 - LONG'!$E:$E,"H",'Mango Blocks - 03.08 - LONG'!$C:$C,$A20)) -> NA | T20: =IF(R20=0,"NA",COUNTIFS('Mango Blocks - 03.08 - LONG'!$E:$E,T$2,'Mango Blocks - 03.08 - LONG'!$C:$C,$A20)/R20) -> NA | U20: =IF(R20=0,"NA",COUNTIFS('Mango Blocks - 03.08 - LONG'!$E:$E,U$2,'Mango Blocks - 03.08 - LONG'!$C:$C,$A20)/R20) -> NA | V20: =IF(R20=0,"NA",COUNTIFS('Mango Blocks - 03.08 - LONG'!$E:$E,V$2,'Mango Blocks - 03.08 - LONG'!$C:$C,$A20)/R20) -> NA | W20: =IF(R20=0,"NA",COUNTIFS('Mango Blocks - 03.08 - LONG'!$E:$E,W$2,'Mango Blocks - 03.08 - LONG'!$C:$C,$A20)/R20) -> NA | X20: =IF(R20=0,"NA",COUNTIFS('Mango Blocks - 03.08 - LONG'!$E:$E,X$2,'Mango Blocks - 03.08 - LONG'!$C:$C,$A20)/R20) -> NA | Y20: =IF(S20="NA","NA",SUM(T20:X20)) -> NA | Z20: =COUNTIFS('Mango Blocks - 27.08 - LONG'!$E:$E,"<>NA",'Mango Blocks - 27.08 - LONG'!$E:$E,"<>OG",'Mango Blocks - 27.08 - LONG'!$E:$E,"<>-",'Mango Blocks - 27.08 - LONG'!$C:$C,$A20) -> 0 | AA20: =IF(Z20=0,"NA",COUNTIFS('Mango Blocks - 27.08 - LONG'!$E:$E,"H",'Mango Blocks - 27.08 - LONG'!$C:$C,$A20)) -> NA | AB20: =IF(Z20=0,"NA",COUNTIFS('Mango Blocks - 27.08 - LONG'!$E:$E,AB$2,'Mango Blocks - 27.08 - LONG'!$C:$C,$A20)/Z20) -> NA | AC20: =IF(Z20=0,"NA",COUNTIFS('Mango Blocks - 27.08 - LONG'!$E:$E,AC$2,'Mango Blocks - 27.08 - LONG'!$C:$C,$A20)/Z20) -> NA | AD20: =IF(Z20=0,"NA",COUNTIFS('Mango Blocks - 27.08 - LONG'!$E:$E,AD$2,'Mango Blocks - 27.08 - LONG'!$C:$C,$A20)/Z20) -> NA | AE20: =IF(Z20=0,"NA",COUNTIFS('Mango Blocks - 27.08 - LONG'!$E:$E,AE$2,'Mango Blocks - 27.08 - LONG'!$C:$C,$A20)/Z20) -> NA | AF20: =IF(Z20=0,"NA",COUNTIFS('Mango Blocks - 27.08 - LONG'!$E:$E,AF$2,'Mango Blocks - 27.08 - LONG'!$C:$C,$A20)/Z20) -> NA | AG20: =IF(Z20=0,"NA",COUNTIFS('Mango Blocks - 27.08 - LONG'!$E:$E,AG$2,'Mango Blocks - 27.08 - LONG'!$C:$C,$A20)/Z20) -> NA | AH20: =IF(AA20="NA","NA",SUM(AB20:AF20)) -> NA
A21: Block2_Q9 | B21: =COUNTIFS('Mango Blocks - 09.05 - LONG'!$E:$E,"<>NA",'Mango Blocks - 09.05 - LONG'!$E:$E,"<>OG",'Mango Blocks - 09.05 - LONG'!$E:$E,"<>-",'Mango Blocks - 09.05 - LONG'!$C:$C,$A21) -> 0 | C21: =IF($B21=0,"NA",COUNTIFS('Mango Blocks - 09.05 - LONG'!$E:$E,"H",'Mango Blocks - 09.05 - LONG'!$C:$C,$A21)) -> NA | D21: =IF($B21=0,"NA",COUNTIFS('Mango Blocks - 09.05 - LONG'!$E:$E,"H",'Mango Blocks - 09.05 - LONG'!$C:$C,$A21)/B21) -> NA | E21: =IF($B21=0,"NA",COUNTIFS('Mango Blocks - 09.05 - LONG'!$E:$E,"PBL",'Mango Blocks - 09.05 - LONG'!$C:$C,$A21)/B21) -> NA | F21: =IF($B21=0,"NA",COUNTIFS('Mango Blocks - 09.05 - LONG'!$E:$E,"FBL",'Mango Blocks - 09.05 - LONG'!$C:$C,$A21)/B21) -> NA | G21: =IF($B21=0,"NA",COUNTIFS('Mango Blocks - 09.05 - LONG'!$E:$E,"PRK",'Mango Blocks - 09.05 - LONG'!$C:$C,$A21)/B21) -> NA | H21: =IF($B21=0,"NA",COUNTIFS('Mango Blocks - 09.05 - LONG'!$E:$E,"FRK",'Mango Blocks - 09.05 - LONG'!$C:$C,$A21)/B21) -> NA | I21: =IF(C21="NA","NA",SUM(D21:H21)) -> NA | J21: =COUNTIFS('Mango Blocks - 13.06 - LONG'!$E:$E,"<>NA",'Mango Blocks - 13.06 - LONG'!$E:$E,"<>OG",'Mango Blocks - 13.06 - LONG'!$E:$E,"<>-",'Mango Blocks - 13.06 - LONG'!$C:$C,$A21) -> 24 | K21: =IF(J21=0,"NA",COUNTIFS('Mango Blocks - 13.06 - LONG'!$E:$E,"H",'Mango Blocks - 13.06 - LONG'!$C:$C,$A21)) -> 20 | L21: =IF(J21=0,"NA",COUNTIFS('Mango Blocks - 13.06 - LONG'!$E:$E,"H",'Mango Blocks - 13.06 - LONG'!$C:$C,$A21)/J21) -> 0.83333333 | M21: =IF(J21=0,"NA",COUNTIFS('Mango Blocks - 13.06 - LONG'!$E:$E,"PBL",'Mango Blocks - 13.06 - LONG'!$C:$C,$A21)/J21) -> 0.125 | N21: =IF(J21=0,"NA",COUNTIFS('Mango Blocks - 13.06 - LONG'!$E:$E,"FBL",'Mango Blocks - 13.06 - LONG'!$C:$C,$A21)/J21) -> 0 | O21: =IF(J21=0,"NA",COUNTIFS('Mango Blocks - 13.06 - LONG'!$E:$E,"PRK",'Mango Blocks - 13.06 - LONG'!$C:$C,$A21)/J21) -> 0.041666667 | P21: =IF(J21=0,"NA",COUNTIFS('Mango Blocks - 13.06 - LONG'!$E:$E,"FRK",'Mango Blocks - 13.06 - LONG'!$C:$C,$A21)/J21) -> 0 | Q21: =IF(K21="NA","NA",SUM(L21:P21)) -> 1 | R21: =COUNTIFS('Mango Blocks - 03.08 - LONG'!$E:$E,"<>NA",'Mango Blocks - 03.08 - LONG'!$E:$E,"<>OG",'Mango Blocks - 03.08 - LONG'!$E:$E,"<>-",'Mango Blocks - 03.08 - LONG'!$C:$C,$A21) -> 0 | S21: =IF(R21=0,"NA",COUNTIFS('Mango Blocks - 03.08 - LONG'!$E:$E,"H",'Mango Blocks - 03.08 - LONG'!$C:$C,$A21)) -> NA | T21: =IF(R21=0,"NA",COUNTIFS('Mango Blocks - 03.08 - LONG'!$E:$E,T$2,'Mango Blocks - 03.08 - LONG'!$C:$C,$A21)/R21) -> NA | U21: =IF(R21=0,"NA",COUNTIFS('Mango Blocks - 03.08 - LONG'!$E:$E,U$2,'Mango Blocks - 03.08 - LONG'!$C:$C,$A21)/R21) -> NA | V21: =IF(R21=0,"NA",COUNTIFS('Mango Blocks - 03.08 - LONG'!$E:$E,V$2,'Mango Blocks - 03.08 - LONG'!$C:$C,$A21)/R21) -> NA | W21: =IF(R21=0,"NA",COUNTIFS('Mango Blocks - 03.08 - LONG'!$E:$E,W$2,'Mango Blocks - 03.08 - LONG'!$C:$C,$A21)/R21) -> NA | X21: =IF(R21=0,"NA",COUNTIFS('Mango Blocks - 03.08 - LONG'!$E:$E,X$2,'Mango Blocks - 03.08 - LONG'!$C:$C,$A21)/R21) -> NA | Y21: =IF(S21="NA","NA",SUM(T21:X21)) -> NA | Z21: =COUNTIFS('Mango Blocks - 27.08 - LONG'!$E:$E,"<>NA",'Mango Blocks - 27.08 - LONG'!$E:$E,"<>OG",'Mango Blocks - 27.08 - LONG'!$E:$E,"<>-",'Mango Blocks - 27.08 - LONG'!$C:$C,$A21) -> 0 | AA21: =IF(Z21=0,"NA",COUNTIFS('Mango Blocks - 27.08 - LONG'!$E:$E,"H",'Mango Blocks - 27.08 - LONG'!$C:$C,$A21)) -> NA | AB21: =IF(Z21=0,"NA",COUNTIFS('Mango Blocks - 27.08 - LONG'!$E:$E,AB$2,'Mango Blocks - 27.08 - LONG'!$C:$C,$A21)/Z21) -> NA | AC21: =IF(Z21=0,"NA",COUNTIFS('Mango Blocks - 27.08 - LONG'!$E:$E,AC$2,'Mango Blocks - 27.08 - LONG'!$C:$C,$A21)/Z21) -> NA | AD21: =IF(Z21=0,"NA",COUNTIFS('Mango Blocks - 27.08 - LONG'!$E:$E,AD$2,'Mango Blocks - 27.08 - LONG'!$C:$C,$A21)/Z21) -> NA | AE21: =IF(Z21=0,"NA",COUNTIFS('Mango Blocks - 27.08 - LONG'!$E:$E,AE$2,'Mango Blocks - 27.08 - LONG'!$C:$C,$A21)/Z21) -> NA | AF21: =IF(Z21=0,"NA",COUNTIFS('Mango Blocks - 27.08 - LONG'!$E:$E,AF$2,'Mango Blocks - 27.08 - LONG'!$C:$C,$A21)/Z21) -> NA | AG21: =IF(Z21=0,"NA",COUNTIFS('Mango Blocks - 27.08 - LONG'!$E:$E,AG$2,'Mango Blocks - 27.08 - LONG'!$C:$C,$A21)/Z21) -> NA | AH21: =IF(AA21="NA","NA",SUM(AB21:AF21)) -> NA
A22: Block2_Q10 | B22: =COUNTIFS('Mango Blocks - 09.05 - LONG'!$E:$E,"<>NA",'Mango Blocks - 09.05 - LONG'!$E:$E,"<>OG",'Mango Blocks - 09.05 - LONG'!$E:$E,"<>-",'Mango Blocks - 09.05 - LONG'!$C:$C,$A22) -> 0 | C22: =IF($B22=0,"NA",COUNTIFS('Mango Blocks - 09.05 - LONG'!$E:$E,"H",'Mango Blocks - 09.05 - LONG'!$C:$C,$A22)) -> NA | D22: =IF($B22=0,"NA",COUNTIFS('Mango Blocks - 09.05 - LONG'!$E:$E,"H",'Mango Blocks - 09.05 - LONG'!$C:$C,$A22)/B22) -> NA | E22: =IF($B22=0,"NA",COUNTIFS('Mango Blocks - 09.05 - LONG'!$E:$E,"PBL",'Mango Blocks - 09.05 - LONG'!$C:$C,$A22)/B22) -> NA | F22: =IF($B22=0,"NA",COUNTIFS('Mango Blocks - 09.05 - LONG'!$E:$E,"FBL",'Mango Blocks - 09.05 - LONG'!$C:$C,$A22)/B22) -> NA | G22: =IF($B22=0,"NA",COUNTIFS('Mango Blocks - 09.05 - LONG'!$E:$E,"PRK",'Mango Blocks - 09.05 - LONG'!$C:$C,$A22)/B22) -> NA | H22: =IF($B22=0,"NA",COUNTIFS('Mango Blocks - 09.05 - LONG'!$E:$E,"FRK",'Mango Blocks - 09.05 - LONG'!$C:$C,$A22)/B22) -> NA | I22: =IF(C22="NA","NA",SUM(D22:H22)) -> NA | J22: =COUNTIFS('Mango Blocks - 13.06 - LONG'!$E:$E,"<>NA",'Mango Blocks - 13.06 - LONG'!$E:$E,"<>OG",'Mango Blocks - 13.06 - LONG'!$E:$E,"<>-",'Mango Blocks - 13.06 - LONG'!$C:$C,$A22) -> 1 | K22: =IF(J22=0,"NA",COUNTIFS('Mango Blocks - 13.06 - LONG'!$E:$E,"H",'Mango Blocks - 13.06 - LONG'!$C:$C,$A22)) -> 0 | L22: =IF(J22=0,"NA",COUNTIFS('Mango Blocks - 13.06 - LONG'!$E:$E,"H",'Mango Blocks - 13.06 - LONG'!$C:$C,$A22)/J22) -> 0 | M22: =IF(J22=0,"NA",COUNTIFS('Mango Blocks - 13.06 - LONG'!$E:$E,"PBL",'Mango Blocks - 13.06 - LONG'!$C:$C,$A22)/J22) -> 1 | N22: =IF(J22=0,"NA",COUNTIFS('Mango Blocks - 13.06 - LONG'!$E:$E,"FBL",'Mango Blocks - 13.06 - LONG'!$C:$C,$A22)/J22) -> 0 | O22: =IF(J22=0,"NA",COUNTIFS('Mango Blocks - 13.06 - LONG'!$E:$E,"PRK",'Mango Blocks - 13.06 - LONG'!$C:$C,$A22)/J22) -> 0 | P22: =IF(J22=0,"NA",COUNTIFS('Mango Blocks - 13.06 - LONG'!$E:$E,"FRK",'Mango Blocks - 13.06 - LONG'!$C:$C,$A22)/J22) -> 0 | Q22: =IF(K22="NA","NA",SUM(L22:P22)) -> 1 | R22: =COUNTIFS('Mango Blocks - 03.08 - LONG'!$E:$E,"<>NA",'Mango Blocks - 03.08 - LONG'!$E:$E,"<>OG",'Mango Blocks - 03.08 - LONG'!$E:$E,"<>-",'Mango Blocks - 03.08 - LONG'!$C:$C,$A22) -> 0 | S22: =IF(R22=0,"NA",COUNTIFS('Mango Blocks - 03.08 - LONG'!$E:$E,"H",'Mango Blocks - 03.08 - LONG'!$C:$C,$A22)) -> NA | T22: =IF(R22=0,"NA",COUNTIFS('Mango Blocks - 03.08 - LONG'!$E:$E,T$2,'Mango Blocks - 03.08 - LONG'!$C:$C,$A22)/R22) -> NA | U22: =IF(R22=0,"NA",COUNTIFS('Mango Blocks - 03.08 - LONG'!$E:$E,U$2,'Mango Blocks - 03.08 - LONG'!$C:$C,$A22)/R22) -> NA | V22: =IF(R22=0,"NA",COUNTIFS('Mango Blocks - 03.08 - LONG'!$E:$E,V$2,'Mango Blocks - 03.08 - LONG'!$C:$C,$A22)/R22) -> NA | W22: =IF(R22=0,"NA",COUNTIFS('Mango Blocks - 03.08 - LONG'!$E:$E,W$2,'Mango Blocks - 03.08 - LONG'!$C:$C,$A22)/R22) -> NA | X22: =IF(R22=0,"NA",COUNTIFS('Mango Blocks - 03.08 - LONG'!$E:$E,X$2,'Mango Blocks - 03.08 - LONG'!$C:$C,$A22)/R22) -> NA | Y22: =IF(S22="NA","NA",SUM(T22:X22)) -> NA | Z22: =COUNTIFS('Mango Blocks - 27.08 - LONG'!$E:$E,"<>NA",'Mango Blocks - 27.08 - LONG'!$E:$E,"<>OG",'Mango Blocks - 27.08 - LONG'!$E:$E,"<>-",'Mango Blocks - 27.08 - LONG'!$C:$C,$A22) -> 0 | AA22: =IF(Z22=0,"NA",COUNTIFS('Mango Blocks - 27.08 - LONG'!$E:$E,"H",'Mango Blocks - 27.08 - LONG'!$C:$C,$A22)) -> NA | AB22: =IF(Z22=0,"NA",COUNTIFS('Mango Blocks - 27.08 - LONG'!$E:$E,AB$2,'Mango Blocks - 27.08 - LONG'!$C:$C,$A22)/Z22) -> NA | AC22: =IF(Z22=0,"NA",COUNTIFS('Mango Blocks - 27.08 - LONG'!$E:$E,AC$2,'Mango Blocks - 27.08 - LONG'!$C:$C,$A22)/Z22) -> NA | AD22: =IF(Z22=0,"NA",COUNTIFS('Mango Blocks - 27.08 - LONG'!$E:$E,AD$2,'Mango Blocks - 27.08 - LONG'!$C:$C,$A22)/Z22) -> NA | AE22: =IF(Z22=0,"NA",COUNTIFS('Mango Blocks - 27.08 - LONG'!$E:$E,AE$2,'Mango Blocks - 27.08 - LONG'!$C:$C,$A22)/Z22) -> NA | AF22: =IF(Z22=0,"NA",COUNTIFS('Mango Blocks - 27.08 - LONG'!$E:$E,AF$2,'Mango Blocks - 27.08 - LONG'!$C:$C,$A22)/Z22) -> NA | AG22: =IF(Z22=0,"NA",COUNTIFS('Mango Blocks - 27.08 - LONG'!$E:$E,AG$2,'Mango Blocks - 27.08 - LONG'!$C:$C,$A22)/Z22) -> NA | AH22: =IF(AA22="NA","NA",SUM(AB22:AF22)) -> NA
A23: Block3_Q1 | B23: =COUNTIFS('Mango Blocks - 09.05 - LONG'!$E:$E,"<>NA",'Mango Blocks - 09.05 - LONG'!$E:$E,"<>OG",'Mango Blocks - 09.05 - LONG'!$E:$E,"<>-",'Mango Blocks - 09.05 - LONG'!$C:$C,$A23) -> 0 | C23: =IF($B23=0,"NA",COUNTIFS('Mango Blocks - 09.05 - LONG'!$E:$E,"H",'Mango Blocks - 09.05 - LONG'!$C:$C,$A23)) -> NA | D23: =IF($B23=0,"NA",COUNTIFS('Mango Blocks - 09.05 - LONG'!$E:$E,"H",'Mango Blocks - 09.05 - LONG'!$C:$C,$A23)/B23) -> NA | E23: =IF($B23=0,"NA",COUNTIFS('Mango Blocks - 09.05 - LONG'!$E:$E,"PBL",'Mango Blocks - 09.05 - LONG'!$C:$C,$A23)/B23) -> NA | F23: =IF($B23=0,"NA",COUNTIFS('Mango Blocks - 09.05 - LONG'!$E:$E,"FBL",'Mango Blocks - 09.05 - LONG'!$C:$C,$A23)/B23) -> NA | G23: =IF($B23=0,"NA",COUNTIFS('Mango Blocks - 09.05 - LONG'!$E:$E,"PRK",'Mango Blocks - 09.05 - LONG'!$C:$C,$A23)/B23) -> NA | H23: =IF($B23=0,"NA",COUNTIFS('Mango Blocks - 09.05 - LONG'!$E:$E,"FRK",'Mango Blocks - 09.05 - LONG'!$C:$C,$A23)/B23) -> NA | I23: =IF(C23="NA","NA",SUM(D23:H23)) -> NA | J23: =COUNTIFS('Mango Blocks - 13.06 - LONG'!$E:$E,"<>NA",'Mango Blocks - 13.06 - LONG'!$E:$E,"<>OG",'Mango Blocks - 13.06 - LONG'!$E:$E,"<>-",'Mango Blocks - 13.06 - LONG'!$C:$C,$A23) -> 22 | K23: =IF(J23=0,"NA",COUNTIFS('Mango Blocks - 13.06 - LONG'!$E:$E,"H",'Mango Blocks - 13.06 - LONG'!$C:$C,$A23)) -> 0 | L23: =IF(J23=0,"NA",COUNTIFS('Mango Blocks - 13.06 - LONG'!$E:$E,"H",'Mango Blocks - 13.06 - LONG'!$C:$C,$A23)/J23) -> 0 | M23: =IF(J23=0,"NA",COUNTIFS('Mango Blocks - 13.06 - LONG'!$E:$E,"PBL",'Mango Blocks - 13.06 - LONG'!$C:$C,$A23)/J23) -> 1 | N23: =IF(J23=0,"NA",COUNTIFS('Mango Blocks - 13.06 - LONG'!$E:$E,"FBL",'Mango Blocks - 13.06 - LONG'!$C:$C,$A23)/J23) -> 0 | O23: =IF(J23=0,"NA",COUNTIFS('Mango Blocks - 13.06 - LONG'!$E:$E,"PRK",'Mango Blocks - 13.06 - LONG'!$C:$C,$A23)/J23) -> 0 | P23: =IF(J23=0,"NA",COUNTIFS('Mango Blocks - 13.06 - LONG'!$E:$E,"FRK",'Mango Blocks - 13.06 - LONG'!$C:$C,$A23)/J23) -> 0 | Q23: =IF(K23="NA","NA",SUM(L23:P23)) -> 1 | R23: =COUNTIFS('Mango Blocks - 03.08 - LONG'!$E:$E,"<>NA",'Mango Blocks - 03.08 - LONG'!$E:$E,"<>OG",'Mango Blocks - 03.08 - LONG'!$E:$E,"<>-",'Mango Blocks - 03.08 - LONG'!$C:$C,$A23) -> 11 | S23: =IF(R23=0,"NA",COUNTIFS('Mango Blocks - 03.08 - LONG'!$E:$E,"H",'Mango Blocks - 03.08 - LONG'!$C:$C,$A23)) -> 1 | T23: =IF(R23=0,"NA",COUNTIFS('Mango Blocks - 03.08 - LONG'!$E:$E,T$2,'Mango Blocks - 03.08 - LONG'!$C:$C,$A23)/R23) -> 0.090909091 | U23: =IF(R23=0,"NA",COUNTIFS('Mango Blocks - 03.08 - LONG'!$E:$E,U$2,'Mango Blocks - 03.08 - LONG'!$C:$C,$A23)/R23) -> 0.72727273 | V23: =IF(R23=0,"NA",COUNTIFS('Mango Blocks - 03.08 - LONG'!$E:$E,V$2,'Mango Blocks - 03.08 - LONG'!$C:$C,$A23)/R23) -> 0.18181818 | W23: =IF(R23=0,"NA",COUNTIFS('Mango Blocks - 03.08 - LONG'!$E:$E,W$2,'Mango Blocks - 03.08 - LONG'!$C:$C,$A23)/R23) -> 0 | X23: =IF(R23=0,"NA",COUNTIFS('Mango Blocks - 03.08 - LONG'!$E:$E,X$2,'Mango Blocks - 03.08 - LONG'!$C:$C,$A23)/R23) -> 0 | Y23: =IF(S23="NA","NA",SUM(T23:X23)) -> 1 | Z23: =COUNTIFS('Mango Blocks - 27.08 - LONG'!$E:$E,"<>NA",'Mango Blocks - 27.08 - LONG'!$E:$E,"<>OG",'Mango Blocks - 27.08 - LONG'!$E:$E,"<>-",'Mango Blocks - 27.08 - LONG'!$C:$C,$A23) -> 16 | AA23: =IF(Z23=0,"NA",COUNTIFS('Mango Blocks - 27.08 - LONG'!$E:$E,"H",'Mango Blocks - 27.08 - LONG'!$C:$C,$A23)) -> 0 | AB23: =IF(Z23=0,"NA",COUNTIFS('Mango Blocks - 27.08 - LONG'!$E:$E,AB$2,'Mango Blocks - 27.08 - LONG'!$C:$C,$A23)/Z23) -> 0 | AC23: =IF(Z23=0,"NA",COUNTIFS('Mango Blocks - 27.08 - LONG'!$E:$E,AC$2,'Mango Blocks - 27.08 - LONG'!$C:$C,$A23)/Z23) -> 0.9375 | AD23: =IF(Z23=0,"NA",COUNTIFS('Mango Blocks - 27.08 - LONG'!$E:$E,AD$2,'Mango Blocks - 27.08 - LONG'!$C:$C,$A23)/Z23) -> 0 | AE23: =IF(Z23=0,"NA",COUNTIFS('Mango Blocks - 27.08 - LONG'!$E:$E,AE$2,'Mango Blocks - 27.08 - LONG'!$C:$C,$A23)/Z23) -> 0.0625 | AF23: =IF(Z23=0,"NA",COUNTIFS('Mango Blocks - 27.08 - LONG'!$E:$E,AF$2,'Mango Blocks - 27.08 - LONG'!$C:$C,$A23)/Z23) -> 0 | AG23: =IF(Z23=0,"NA",COUNTIFS('Mango Blocks - 27.08 - LONG'!$E:$E,AG$2,'Mango Blocks - 27.08 - LONG'!$C:$C,$A23)/Z23) -> 0 | AH23: =IF(AA23="NA","NA",SUM(AB23:AF23)) -> 1
A24: Block3_Q2 | B24: =COUNTIFS('Mango Blocks - 09.05 - LONG'!$E:$E,"<>NA",'Mango Blocks - 09.05 - LONG'!$E:$E,"<>OG",'Mango Blocks - 09.05 - LONG'!$E:$E,"<>-",'Mango Blocks - 09.05 - LONG'!$C:$C,$A24) -> 0 | C24: =IF($B24=0,"NA",COUNTIFS('Mango Blocks - 09.05 - LONG'!$E:$E,"H",'Mango Blocks - 09.05 - LONG'!$C:$C,$A24)) -> NA | D24: =IF($B24=0,"NA",COUNTIFS('Mango Blocks - 09.05 - LONG'!$E:$E,"H",'Mango Blocks - 09.05 - LONG'!$C:$C,$A24)/B24) -> NA | E24: =IF($B24=0,"NA",COUNTIFS('Mango Blocks - 09.05 - LONG'!$E:$E,"PBL",'Mango Blocks - 09.05 - LONG'!$C:$C,$A24)/B24) -> NA | F24: =IF($B24=0,"NA",COUNTIFS('Mango Blocks - 09.05 - LONG'!$E:$E,"FBL",'Mango Blocks - 09.05 - LONG'!$C:$C,$A24)/B24) -> NA | G24: =IF($B24=0,"NA",COUNTIFS('Mango Blocks - 09.05 - LONG'!$E:$E,"PRK",'Mango Blocks - 09.05 - LONG'!$C:$C,$A24)/B24) -> NA | H24: =IF($B24=0,"NA",COUNTIFS('Mango Blocks - 09.05 - LONG'!$E:$E,"FRK",'Mango Blocks - 09.05 - LONG'!$C:$C,$A24)/B24) -> NA | I24: =IF(C24="NA","NA",SUM(D24:H24)) -> NA | J24: =COUNTIFS('Mango Blocks - 13.06 - LONG'!$E:$E,"<>NA",'Mango Blocks - 13.06 - LONG'!$E:$E,"<>OG",'Mango Blocks - 13.06 - LONG'!$E:$E,"<>-",'Mango Blocks - 13.06 - LONG'!$C:$C,$A24) -> 0 | K24: =IF(J24=0,"NA",COUNTIFS('Mango Blocks - 13.06 - LONG'!$E:$E,"H",'Mango Blocks - 13.06 - LONG'!$C:$C,$A24)) -> NA | L24: =IF(J24=0,"NA",COUNTIFS('Mango Blocks - 13.06 - LONG'!$E:$E,"H",'Mango Blocks - 13.06 - LONG'!$C:$C,$A24)/J24) -> NA | M24: =IF(J24=0,"NA",COUNTIFS('Mango Blocks - 13.06 - LONG'!$E:$E,"PBL",'Mango Blocks - 13.06 - LONG'!$C:$C,$A24)/J24) -> NA | N24: =IF(J24=0,"NA",COUNTIFS('Mango Blocks - 13.06 - LONG'!$E:$E,"FBL",'Mango Blocks - 13.06 - LONG'!$C:$C,$A24)/J24) -> NA | O24: =IF(J24=0,"NA",COUNTIFS('Mango Blocks - 13.06 - LONG'!$E:$E,"PRK",'Mango Blocks - 13.06 - LONG'!$C:$C,$A24)/J24) -> NA | P24: =IF(J24=0,"NA",COUNTIFS('Mango Blocks - 13.06 - LONG'!$E:$E,"FRK",'Mango Blocks - 13.06 - LONG'!$C:$C,$A24)/J24) -> NA | Q24: =IF(K24="NA","NA",SUM(L24:P24)) -> NA | R24: =COUNTIFS('Mango Blocks - 03.08 - LONG'!$E:$E,"<>NA",'Mango Blocks - 03.08 - LONG'!$E:$E,"<>OG",'Mango Blocks - 03.08 - LONG'!$E:$E,"<>-",'Mango Blocks - 03.08 - LONG'!$C:$C,$A24) -> 3 | S24: =IF(R24=0,"NA",COUNTIFS('Mango Blocks - 03.08 - LONG'!$E:$E,"H",'Mango Blocks - 03.08 - LONG'!$C:$C,$A24)) -> 2 | T24: =IF(R24=0,"NA",COUNTIFS('Mango Blocks - 03.08 - LONG'!$E:$E,T$2,'Mango Blocks - 03.08 - LONG'!$C:$C,$A24)/R24) -> 0.66666667 | U24: =IF(R24=0,"NA",COUNTIFS('Mango Blocks - 03.08 - LONG'!$E:$E,U$2,'Mango Blocks - 03.08 - LONG'!$C:$C,$A24)/R24) -> 0.33333333 | V24: =IF(R24=0,"NA",COUNTIFS('Mango Blocks - 03.08 - LONG'!$E:$E,V$2,'Mango Blocks - 03.08 - LONG'!$C:$C,$A24)/R24) -> 0 | W24: =IF(R24=0,"NA",COUNTIFS('Mango Blocks - 03.08 - LONG'!$E:$E,W$2,'Mango Blocks - 03.08 - LONG'!$C:$C,$A24)/R24) -> 0 | X24: =IF(R24=0,"NA",COUNTIFS('Mango Blocks - 03.08 - LONG'!$E:$E,X$2,'Mango Blocks - 03.08 - LONG'!$C:$C,$A24)/R24) -> 0 | Y24: =IF(S24="NA","NA",SUM(T24:X24)) -> 1 | Z24: =COUNTIFS('Mango Blocks - 27.08 - LONG'!$E:$E,"<>NA",'Mango Blocks - 27.08 - LONG'!$E:$E,"<>OG",'Mango Blocks - 27.08 - LONG'!$E:$E,"<>-",'Mango Blocks - 27.08 - LONG'!$C:$C,$A24) -> 0 | AA24: =IF(Z24=0,"NA",COUNTIFS('Mango Blocks - 27.08 - LONG'!$E:$E,"H",'Mango Blocks - 27.08 - LONG'!$C:$C,$A24)) -> NA | AB24: =IF(Z24=0,"NA",COUNTIFS('Mango Blocks - 27.08 - LONG'!$E:$E,AB$2,'Mango Blocks - 27.08 - LONG'!$C:$C,$A24)/Z24) -> NA | AC24: =IF(Z24=0,"NA",COUNTIFS('Mango Blocks - 27.08 - LONG'!$E:$E,AC$2,'Mango Blocks - 27.08 - LONG'!$C:$C,$A24)/Z24) -> NA | AD24: =IF(Z24=0,"NA",COUNTIFS('Mango Blocks - 27.08 - LONG'!$E:$E,AD$2,'Mango Blocks - 27.08 - LONG'!$C:$C,$A24)/Z24) -> NA | AE24: =IF(Z24=0,"NA",COUNTIFS('Mango Blocks - 27.08 - LONG'!$E:$E,AE$2,'Mango Blocks - 27.08 - LONG'!$C:$C,$A24)/Z24) -> NA | AF24: =IF(Z24=0,"NA",COUNTIFS('Mango Blocks - 27.08 - LONG'!$E:$E,AF$2,'Mango Blocks - 27.08 - LONG'!$C:$C,$A24)/Z24) -> NA | AG24: =IF(Z24=0,"NA",COUNTIFS('Mango Blocks - 27.08 - LONG'!$E:$E,AG$2,'Mango Blocks - 27.08 - LONG'!$C:$C,$A24)/Z24) -> NA | AH24: =IF(AA24="NA","NA",SUM(AB24:AF24)) -> NA
A25: Block3_Q3 | B25: =COUNTIFS('Mango Blocks - 09.05 - LONG'!$E:$E,"<>NA",'Mango Blocks - 09.05 - LONG'!$E:$E,"<>OG",'Mango Blocks - 09.05 - LONG'!$E:$E,"<>-",'Mango Blocks - 09.05 - LONG'!$C:$C,$A25) -> 16 | C25: =IF($B25=0,"NA",COUNTIFS('Mango Blocks - 09.05 - LONG'!$E:$E,"H",'Mango Blocks - 09.05 - LONG'!$C:$C,$A25)) -> 0 | D25: =IF($B25=0,"NA",COUNTIFS('Mango Blocks - 09.05 - LONG'!$E:$E,"H",'Mango Blocks - 09.05 - LONG'!$C:$C,$A25)/B25) -> 0 | E25: =IF($B25=0,"NA",COUNTIFS('Mango Blocks - 09.05 - LONG'!$E:$E,"PBL",'Mango Blocks - 09.05 - LONG'!$C:$C,$A25)/B25) -> 1 | F25: =IF($B25=0,"NA",COUNTIFS('Mango Blocks - 09.05 - LONG'!$E:$E,"FBL",'Mango Blocks - 09.05 - LONG'!$C:$C,$A25)/B25) -> 0 | G25: =IF($B25=0,"NA",COUNTIFS('Mango Blocks - 09.05 - LONG'!$E:$E,"PRK",'Mango Blocks - 09.05 - LONG'!$C:$C,$A25)/B25) -> 0 | H25: =IF($B25=0,"NA",COUNTIFS('Mango Blocks - 09.05 - LONG'!$E:$E,"FRK",'Mango Blocks - 09.05 - LONG'!$C:$C,$A25)/B25) -> 0 | I25: =IF(C25="NA","NA",SUM(D25:H25)) -> 1 | J25: =COUNTIFS('Mango Blocks - 13.06 - LONG'!$E:$E,"<>NA",'Mango Blocks - 13.06 - LONG'!$E:$E,"<>OG",'Mango Blocks - 13.06 - LONG'!$E:$E,"<>-",'Mango Blocks - 13.06 - LONG'!$C:$C,$A25) -> 0 | K25: =IF(J25=0,"NA",COUNTIFS('Mango Blocks - 13.06 - LONG'!$E:$E,"H",'Mango Blocks - 13.06 - LONG'!$C:$C,$A25)) -> NA | L25: =IF(J25=0,"NA",COUNTIFS('Mango Blocks - 13.06 - LONG'!$E:$E,"H",'Mango Blocks - 13.06 - LONG'!$C:$C,$A25)/J25) -> NA | M25: =IF(J25=0,"NA",COUNTIFS('Mango Blocks - 13.06 - LONG'!$E:$E,"PBL",'Mango Blocks - 13.06 - LONG'!$C:$C,$A25)/J25) -> NA | N25: =IF(J25=0,"NA",COUNTIFS('Mango Blocks - 13.06 - LONG'!$E:$E,"FBL",'Mango Blocks - 13.06 - LONG'!$C:$C,$A25)/J25) -> NA | O25: =IF(J25=0,"NA",COUNTIFS('Mango Blocks - 13.06 - LONG'!$E:$E,"PRK",'Mango Blocks - 13.06 - LONG'!$C:$C,$A25)/J25) -> NA | P25: =IF(J25=0,"NA",COUNTIFS('Mango Blocks - 13.06 - LONG'!$E:$E,"FRK",'Mango Blocks - 13.06 - LONG'!$C:$C,$A25)/J25) -> NA | Q25: =IF(K25="NA","NA",SUM(L25:P25)) -> NA | R25: =COUNTIFS('Mango Blocks - 03.08 - LONG'!$E:$E,"<>NA",'Mango Blocks - 03.08 - LONG'!$E:$E,"<>OG",'Mango Blocks - 03.08 - LONG'!$E:$E,"<>-",'Mango Blocks - 03.08 - LONG'!$C:$C,$A25) -> 0 | S25: =IF(R25=0,"NA",COUNTIFS('Mango Blocks - 03.08 - LONG'!$E:$E,"H",'Mango Blocks - 03.08 - LONG'!$C:$C,$A25)) -> NA | T25: =IF(R25=0,"NA",COUNTIFS('Mango Blocks - 03.08 - LONG'!$E:$E,T$2,'Mango Blocks - 03.08 - LONG'!$C:$C,$A25)/R25) -> NA | U25: =IF(R25=0,"NA",COUNTIFS('Mango Blocks - 03.08 - LONG'!$E:$E,U$2,'Mango Blocks - 03.08 - LONG'!$C:$C,$A25)/R25) -> NA | V25: =IF(R25=0,"NA",COUNTIFS('Mango Blocks - 03.08 - LONG'!$E:$E,V$2,'Mango Blocks - 03.08 - LONG'!$C:$C,$A25)/R25) -> NA | W25: =IF(R25=0,"NA",COUNTIFS('Mango Blocks - 03.08 - LONG'!$E:$E,W$2,'Mango Blocks - 03.08 - LONG'!$C:$C,$A25)/R25) -> NA | X25: =IF(R25=0,"NA",COUNTIFS('Mango Blocks - 03.08 - LONG'!$E:$E,X$2,'Mango Blocks - 03.08 - LONG'!$C:$C,$A25)/R25) -> NA | Y25: =IF(S25="NA","NA",SUM(T25:X25)) -> NA | Z25: =COUNTIFS('Mango Blocks - 27.08 - LONG'!$E:$E,"<>NA",'Mango Blocks - 27.08 - LONG'!$E:$E,"<>OG",'Mango Blocks - 27.08 - LONG'!$E:$E,"<>-",'Mango Blocks - 27.08 - LONG'!$C:$C,$A25) -> 0 | AA25: =IF(Z25=0,"NA",COUNTIFS('Mango Blocks - 27.08 - LONG'!$E:$E,"H",'Mango Blocks - 27.08 - LONG'!$C:$C,$A25)) -> NA | AB25: =IF(Z25=0,"NA",COUNTIFS('Mango Blocks - 27.08 - LONG'!$E:$E,AB$2,'Mango Blocks - 27.08 - LONG'!$C:$C,$A25)/Z25) -> NA | AC25: =IF(Z25=0,"NA",COUNTIFS('Mango Blocks - 27.08 - LONG'!$E:$E,AC$2,'Mango Blocks - 27.08 - LONG'!$C:$C,$A25)/Z25) -> NA | AD25: =IF(Z25=0,"NA",COUNTIFS('Mango Blocks - 27.08 - LONG'!$E:$E,AD$2,'Mango Blocks - 27.08 - LONG'!$C:$C,$A25)/Z25) -> NA | AE25: =IF(Z25=0,"NA",COUNTIFS('Mango Blocks - 27.08 - LONG'!$E:$E,AE$2,'Mango Blocks - 27.08 - LONG'!$C:$C,$A25)/Z25) -> NA | AF25: =IF(Z25=0,"NA",COUNTIFS('Mango Blocks - 27.08 - LONG'!$E:$E,AF$2,'Mango Blocks - 27.08 - LONG'!$C:$C,$A25)/Z25) -> NA | AG25: =IF(Z25=0,"NA",COUNTIFS('Mango Blocks - 27.08 - LONG'!$E:$E,AG$2,'Mango Blocks - 27.08 - LONG'!$C:$C,$A25)/Z25) -> NA | AH25: =IF(AA25="NA","NA",SUM(AB25:AF25)) -> NA
... A53: Block6_Q1 | B53: =COUNTIFS('Mango Blocks - 09.05 - LONG'!$E:$E,"<>NA",'Mango Blocks - 09.05 - LONG'!$E:$E,"<>OG",'Mango Blocks - 09.05 - LONG'!$E:$E,"<>-",'Mango Blocks - 09.05 - LONG'!$C:$C,$A53) -> 15 | C53: =IF($B53=0,"NA",COUNTIFS('Mango Blocks - 09.05 - LONG'!$E:$E,"H",'Mango Blocks - 09.05 - LONG'!$C:$C,$A53)) -> 0 | D53: =IF($B53=0,"NA",COUNTIFS('Mango Blocks - 09.05 - LONG'!$E:$E,"H",'Mango Blocks - 09.05 - LONG'!$C:$C,$A53)/B53) -> 0 | E53: =IF($B53=0,"NA",COUNTIFS('Mango Blocks - 09.05 - LONG'!$E:$E,"PBL",'Mango Blocks - 09.05 - LONG'!$C:$C,$A53)/B53) -> 0.93333333 | F53: =IF($B53=0,"NA",COUNTIFS('Mango Blocks - 09.05 - LONG'!$E:$E,"FBL",'Mango Blocks - 09.05 - LONG'!$C:$C,$A53)/B53) -> 0 | G53: =IF($B53=0,"NA",COUNTIFS('Mango Blocks - 09.05 - LONG'!$E:$E,"PRK",'Mango Blocks - 09.05 - LONG'!$C:$C,$A53)/B53) -> 0.066666667 | H53: =IF($B53=0,"NA",COUNTIFS('Mango Blocks - 09.05 - LONG'!$E:$E,"FRK",'Mango Blocks - 09.05 - LONG'!$C:$C,$A53)/B53) -> 0 | I53: =IF(C53="NA","NA",SUM(D53:H53)) -> 1 | J53: =COUNTIFS('Mango Blocks - 13.06 - LONG'!$E:$E,"<>NA",'Mango Blocks - 13.06 - LONG'!$E:$E,"<>OG",'Mango Blocks - 13.06 - LONG'!$E:$E,"<>-",'Mango Blocks - 13.06 - LONG'!$C:$C,$A53) -> 20 | K53: =IF(J53=0,"NA",COUNTIFS('Mango Blocks - 13.06 - LONG'!$E:$E,"H",'Mango Blocks - 13.06 - LONG'!$C:$C,$A53)) -> 0 | L53: =IF(J53=0,"NA",COUNTIFS('Mango Blocks - 13.06 - LONG'!$E:$E,"H",'Mango Blocks - 13.06 - LONG'!$C:$C,$A53)/J53) -> 0 | M53: =IF(J53=0,"NA",COUNTIFS('Mango Blocks - 13.06 - LONG'!$E:$E,"PBL",'Mango Blocks - 13.06 - LONG'!$C:$C,$A53)/J53) -> 0.9 | N53: =IF(J53=0,"NA",COUNTIFS('Mango Blocks - 13.06 - LONG'!$E:$E,"FBL",'Mango Blocks - 13.06 - LONG'!$C:$C,$A53)/J53) -> 0 | O53: =IF(J53=0,"NA",COUNTIFS('Mango Blocks - 13.06 - LONG'!$E:$E,"PRK",'Mango Blocks - 13.06 - LONG'!$C:$C,$A53)/J53) -> 0.1 | P53: =IF(J53=0,"NA",COUNTIFS('Mango Blocks - 13.06 - LONG'!$E:$E,"FRK",'Mango Blocks - 13.06 - LONG'!$C:$C,$A53)/J53) -> 0 | Q53: =IF(K53="NA","NA",SUM(L53:P53)) -> 1 | R53: =COUNTIFS('Mango Blocks - 03.08 - LONG'!$E:$E,"<>NA",'Mango Blocks - 03.08 - LONG'!$E:$E,"<>OG",'Mango Blocks - 03.08 - LONG'!$E:$E,"<>-",'Mango Blocks - 03.08 - LONG'!$C:$C,$A53) -> 0 | S53: =IF(R53=0,"NA",COUNTIFS('Mango Blocks - 03.08 - LONG'!$E:$E,"H",'Mango Blocks - 03.08 - LONG'!$C:$C,$A53)) -> NA | T53: =IF(R53=0,"NA",COUNTIFS('Mango Blocks - 03.08 - LONG'!$E:$E,T$2,'Mango Blocks - 03.08 - LONG'!$C:$C,$A53)/R53) -> NA | U53: =IF(R53=0,"NA",COUNTIFS('Mango Blocks - 03.08 - LONG'!$E:$E,U$2,'Mango Blocks - 03.08 - LONG'!$C:$C,$A53)/R53) -> NA | V53: =IF(R53=0,"NA",COUNTIFS('Mango Blocks - 03.08 - LONG'!$E:$E,V$2,'Mango Blocks - 03.08 - LONG'!$C:$C,$A53)/R53) -> NA | W53: =IF(R53=0,"NA",COUNTIFS('Mango Blocks - 03.08 - LONG'!$E:$E,W$2,'Mango Blocks - 03.08 - LONG'!$C:$C,$A53)/R53) -> NA | X53: =IF(R53=0,"NA",COUNTIFS('Mango Blocks - 03.08 - LONG'!$E:$E,X$2,'Mango Blocks - 03.08 - LONG'!$C:$C,$A53)/R53) -> NA | Y53: =IF(S53="NA","NA",SUM(T53:X53)) -> NA | Z53: =COUNTIFS('Mango Blocks - 27.08 - LONG'!$E:$E,"<>NA",'Mango Blocks - 27.08 - LONG'!$E:$E,"<>OG",'Mango Blocks - 27.08 - LONG'!$E:$E,"<>-",'Mango Blocks - 27.08 - LONG'!$C:$C,$A53) -> 0 | AA53: =IF(Z53=0,"NA",COUNTIFS('Mango Blocks - 27.08 - LONG'!$E:$E,"H",'Mango Blocks - 27.08 - LONG'!$C:$C,$A53)) -> NA | AB53: =IF(Z53=0,"NA",COUNTIFS('Mango Blocks - 27.08 - LONG'!$E:$E,AB$2,'Mango Blocks - 27.08 - LONG'!$C:$C,$A53)/Z53) -> NA | AC53: =IF(Z53=0,"NA",COUNTIFS('Mango Blocks - 27.08 - LONG'!$E:$E,AC$2,'Mango Blocks - 27.08 - LONG'!$C:$C,$A53)/Z53) -> NA | AD53: =IF(Z53=0,"NA",COUNTIFS('Mango Blocks - 27.08 - LONG'!$E:$E,AD$2,'Mango Blocks - 27.08 - LONG'!$C:$C,$A53)/Z53) -> NA | AE53: =IF(Z53=0,"NA",COUNTIFS('Mango Blocks - 27.08 - LONG'!$E:$E,AE$2,'Mango Blocks - 27.08 - LONG'!$C:$C,$A53)/Z53) -> NA | AF53: =IF(Z53=0,"NA",COUNTIFS('Mango Blocks - 27.08 - LONG'!$E:$E,AF$2,'Mango Blocks - 27.08 - LONG'!$C:$C,$A53)/Z53) -> NA | AG53: =IF(Z53=0,"NA",COUNTIFS('Mango Blocks - 27.08 - LONG'!$E:$E,AG$2,'Mango Blocks - 27.08 - LONG'!$C:$C,$A53)/Z53) -> NA | AH53: =IF(AA53="NA","NA",SUM(AB53:AF53)) -> NA
A54: Block6_Q2 | B54: =COUNTIFS('Mango Blocks - 09.05 - LONG'!$E:$E,"<>NA",'Mango Blocks - 09.05 - LONG'!$E:$E,"<>OG",'Mango Blocks - 09.05 - LONG'!$E:$E,"<>-",'Mango Blocks - 09.05 - LONG'!$C:$C,$A54) -> 4 | C54: =IF($B54=0,"NA",COUNTIFS('Mango Blocks - 09.05 - LONG'!$E:$E,"H",'Mango Blocks - 09.05 - LONG'!$C:$C,$A54)) -> 2 | D54: =IF($B54=0,"NA",COUNTIFS('Mango Blocks - 09.05 - LONG'!$E:$E,"H",'Mango Blocks - 09.05 - LONG'!$C:$C,$A54)/B54) -> 0.5 | E54: =IF($B54=0,"NA",COUNTIFS('Mango Blocks - 09.05 - LONG'!$E:$E,"PBL",'Mango Blocks - 09.05 - LONG'!$C:$C,$A54)/B54) -> 0.5 | F54: =IF($B54=0,"NA",COUNTIFS('Mango Blocks - 09.05 - LONG'!$E:$E,"FBL",'Mango Blocks - 09.05 - LONG'!$C:$C,$A54)/B54) -> 0 | G54: =IF($B54=0,"NA",COUNTIFS('Mango Blocks - 09.05 - LONG'!$E:$E,"PRK",'Mango Blocks - 09.05 - LONG'!$C:$C,$A54)/B54) -> 0 | H54: =IF($B54=0,"NA",COUNTIFS('Mango Blocks - 09.05 - LONG'!$E:$E,"FRK",'Mango Blocks - 09.05 - LONG'!$C:$C,$A54)/B54) -> 0 | I54: =IF(C54="NA","NA",SUM(D54:H54)) -> 1 | J54: =COUNTIFS('Mango Blocks - 13.06 - LONG'!$E:$E,"<>NA",'Mango Blocks - 13.06 - LONG'!$E:$E,"<>OG",'Mango Blocks - 13.06 - LONG'!$E:$E,"<>-",'Mango Blocks - 13.06 - LONG'!$C:$C,$A54) -> 4 | K54: =IF(J54=0,"NA",COUNTIFS('Mango Blocks - 13.06 - LONG'!$E:$E,"H",'Mango Blocks - 13.06 - LONG'!$C:$C,$A54)) -> 0 | L54: =IF(J54=0,"NA",COUNTIFS('Mango Blocks - 13.06 - LONG'!$E:$E,"H",'Mango Blocks - 13.06 - LONG'!$C:$C,$A54)/J54) -> 0 | M54: =IF(J54=0,"NA",COUNTIFS('Mango Blocks - 13.06 - LONG'!$E:$E,"PBL",'Mango Blocks - 13.06 - LONG'!$C:$C,$A54)/J54) -> 0 | N54: =IF(J54=0,"NA",COUNTIFS('Mango Blocks - 13.06 - LONG'!$E:$E,"FBL",'Mango Blocks - 13.06 - LONG'!$C:$C,$A54)/J54) -> 1 | O54: =IF(J54=0,"NA",COUNTIFS('Mango Blocks - 13.06 - LONG'!$E:$E,"PRK",'Mango Blocks - 13.06 - LONG'!$C:$C,$A54)/J54) -> 0 | P54: =IF(J54=0,"NA",COUNTIFS('Mango Blocks - 13.06 - LONG'!$E:$E,"FRK",'Mango Blocks - 13.06 - LONG'!$C:$C,$A54)/J54) -> 0 | Q54: =IF(K54="NA","NA",SUM(L54:P54)) -> 1 | R54: =COUNTIFS('Mango Blocks - 03.08 - LONG'!$E:$E,"<>NA",'Mango Blocks - 03.08 - LONG'!$E:$E,"<>OG",'Mango Blocks - 03.08 - LONG'!$E:$E,"<>-",'Mango Blocks - 03.08 - LONG'!$C:$C,$A54) -> 3 | S54: =IF(R54=0,"NA",COUNTIFS('Mango Blocks - 03.08 - LONG'!$E:$E,"H",'Mango Blocks - 03.08 - LONG'!$C:$C,$A54)) -> 3 | T54: =IF(R54=0,"NA",COUNTIFS('Mango Blocks - 03.08 - LONG'!$E:$E,T$2,'Mango Blocks - 03.08 - LONG'!$C:$C,$A54)/R54) -> 1 | U54: =IF(R54=0,"NA",COUNTIFS('Mango Blocks - 03.08 - LONG'!$E:$E,U$2,'Mango Blocks - 03.08 - LONG'!$C:$C,$A54)/R54) -> 0 | V54: =IF(R54=0,"NA",COUNTIFS('Mango Blocks - 03.08 - LONG'!$E:$E,V$2,'Mango Blocks - 03.08 - LONG'!$C:$C,$A54)/R54) -> 0 | W54: =IF(R54=0,"NA",COUNTIFS('Mango Blocks - 03.08 - LONG'!$E:$E,W$2,'Mango Blocks - 03.08 - LONG'!$C:$C,$A54)/R54) -> 0 | X54: =IF(R54=0,"NA",COUNTIFS('Mango Blocks - 03.08 - LONG'!$E:$E,X$2,'Mango Blocks - 03.08 - LONG'!$C:$C,$A54)/R54) -> 0 | Y54: =IF(S54="NA","NA",SUM(T54:X54)) -> 1 | Z54: - | AA54: - | AB54: - | AC54: - | AD54: - | AE54: - | AF54: - | AH54: =IF(AA54="NA","NA",SUM(AB54:AF54)) -> 0
A55: Block6_Q3 | B55: =COUNTIFS('Mango Blocks - 09.05 - LONG'!$E:$E,"<>NA",'Mango Blocks - 09.05 - LONG'!$E:$E,"<>OG",'Mango Blocks - 09.05 - LONG'!$E:$E,"<>-",'Mango Blocks - 09.05 - LONG'!$C:$C,$A55) -> 8 | C55: =IF($B55=0,"NA",COUNTIFS('Mango Blocks - 09.05 - LONG'!$E:$E,"H",'Mango Blocks - 09.05 - LONG'!$C:$C,$A55)) -> 1 | D55: =IF($B55=0,"NA",COUNTIFS('Mango Blocks - 09.05 - LONG'!$E:$E,"H",'Mango Blocks - 09.05 - LONG'!$C:$C,$A55)/B55) -> 0.125 | E55: =IF($B55=0,"NA",COUNTIFS('Mango Blocks - 09.05 - LONG'!$E:$E,"PBL",'Mango Blocks - 09.05 - LONG'!$C:$C,$A55)/B55) -> 0.75 | F55: =IF($B55=0,"NA",COUNTIFS('Mango Blocks - 09.05 - LONG'!$E:$E,"FBL",'Mango Blocks - 09.05 - LONG'!$C:$C,$A55)/B55) -> 0 | G55: =IF($B55=0,"NA",COUNTIFS('Mango Blocks - 09.05 - LONG'!$E:$E,"PRK",'Mango Blocks - 09.05 - LONG'!$C:$C,$A55)/B55) -> 0.125 | H55: =IF($B55=0,"NA",COUNTIFS('Mango Blocks - 09.05 - LONG'!$E:$E,"FRK",'Mango Blocks - 09.05 - LONG'!$C:$C,$A55)/B55) -> 0 | I55: =IF(C55="NA","NA",SUM(D55:H55)) -> 1 | J55: =COUNTIFS('Mango Blocks - 13.06 - LONG'!$E:$E,"<>NA",'Mango Blocks - 13.06 - LONG'!$E:$E,"<>OG",'Mango Blocks - 13.06 - LONG'!$E:$E,"<>-",'Mango Blocks - 13.06 - LONG'!$C:$C,$A55) -> 6 | K55: =IF(J55=0,"NA",COUNTIFS('Mango Blocks - 13.06 - LONG'!$E:$E,"H",'Mango Blocks - 13.06 - LONG'!$C:$C,$A55)) -> 0 | L55: =IF(J55=0,"NA",COUNTIFS('Mango Blocks - 13.06 - LONG'!$E:$E,"H",'Mango Blocks - 13.06 - LONG'!$C:$C,$A55)/J55) -> 0 | M55: =IF(J55=0,"NA",COUNTIFS('Mango Blocks - 13.06 - LONG'!$E:$E,"PBL",'Mango Blocks - 13.06 - LONG'!$C:$C,$A55)/J55) -> 1 | N55: =IF(J55=0,"NA",COUNTIFS('Mango Blocks - 13.06 - LONG'!$E:$E,"FBL",'Mango Blocks - 13.06 - LONG'!$C:$C,$A55)/J55) -> 0 | O55: =IF(J55=0,"NA",COUNTIFS('Mango Blocks - 13.06 - LONG'!$E:$E,"PRK",'Mango Blocks - 13.06 - LONG'!$C:$C,$A55)/J55) -> 0 | P55: =IF(J55=0,"NA",COUNTIFS('Mango Blocks - 13.06 - LONG'!$E:$E,"FRK",'Mango Blocks - 13.06 - LONG'!$C:$C,$A55)/J55) -> 0 | Q55: =IF(K55="NA","NA",SUM(L55:P55)) -> 1 | R55: =COUNTIFS('Mango Blocks - 03.08 - LONG'!$E:$E,"<>NA",'Mango Blocks - 03.08 - LONG'!$E:$E,"<>OG",'Mango Blocks - 03.08 - LONG'!$E:$E,"<>-",'Mango Blocks - 03.08 - LONG'!$C:$C,$A55) -> 7 | S55: =IF(R55=0,"NA",COUNTIFS('Mango Blocks - 03.08 - LONG'!$E:$E,"H",'Mango Blocks - 03.08 - LONG'!$C:$C,$A55)) -> 7 | T55: =IF(R55=0,"NA",COUNTIFS('Mango Blocks - 03.08 - LONG'!$E:$E,T$2,'Mango Blocks - 03.08 - LONG'!$C:$C,$A55)/R55) -> 1 | U55: =IF(R55=0,"NA",COUNTIFS('Mango Blocks - 03.08 - LONG'!$E:$E,U$2,'Mango Blocks - 03.08 - LONG'!$C:$C,$A55)/R55) -> 0 | V55: =IF(R55=0,"NA",COUNTIFS('Mango Blocks - 03.08 - LONG'!$E:$E,V$2,'Mango Blocks - 03.08 - LONG'!$C:$C,$A55)/R55) -> 0 | W55: =IF(R55=0,"NA",COUNTIFS('Mango Blocks - 03.08 - LONG'!$E:$E,W$2,'Mango Blocks - 03.08 - LONG'!$C:$C,$A55)/R55) -> 0 | X55: =IF(R55=0,"NA",COUNTIFS('Mango Blocks - 03.08 - LONG'!$E:$E,X$2,'Mango Blocks - 03.08 - LONG'!$C:$C,$A55)/R55) -> 0 | Y55: =IF(S55="NA","NA",SUM(T55:X55)) -> 1 | Z55: - | AA55: - | AB55: - | AC55: - | AD55: - | AE55: - | AF55: - | AH55: -
A56: Block6_Q4 | B56: =COUNTIFS('Mango Blocks - 09.05 - LONG'!$E:$E,"<>NA",'Mango Blocks - 09.05 - LONG'!$E:$E,"<>OG",'Mango Blocks - 09.05 - LONG'!$E:$E,"<>-",'Mango Blocks - 09.05 - LONG'!$C:$C,$A56) -> 23 | C56: =IF($B56=0,"NA",COUNTIFS('Mango Blocks - 09.05 - LONG'!$E:$E,"H",'Mango Blocks - 09.05 - LONG'!$C:$C,$A56)) -> 1 | D56: =IF($B56=0,"NA",COUNTIFS('Mango Blocks - 09.05 - LONG'!$E:$E,"H",'Mango Blocks - 09.05 - LONG'!$C:$C,$A56)/B56) -> 0.043478261 | E56: =IF($B56=0,"NA",COUNTIFS('Mango Blocks - 09.05 - LONG'!$E:$E,"PBL",'Mango Blocks - 09.05 - LONG'!$C:$C,$A56)/B56) -> 0.69565217 | F56: =IF($B56=0,"NA",COUNTIFS('Mango Blocks - 09.05 - LONG'!$E:$E,"FBL",'Mango Blocks - 09.05 - LONG'!$C:$C,$A56)/B56) -> 0 | G56: =IF($B56=0,"NA",COUNTIFS('Mango Blocks - 09.05 - LONG'!$E:$E,"PRK",'Mango Blocks - 09.05 - LONG'!$C:$C,$A56)/B56) -> 0.17391304 | H56: =IF($B56=0,"NA",COUNTIFS('Mango Blocks - 09.05 - LONG'!$E:$E,"FRK",'Mango Blocks - 09.05 - LONG'!$C:$C,$A56)/B56) -> 0.086956522 | I56: =IF(C56="NA","NA",SUM(D56:H56)) -> 1 | J56: =COUNTIFS('Mango Blocks - 13.06 - LONG'!$E:$E,"<>NA",'Mango Blocks - 13.06 - LONG'!$E:$E,"<>OG",'Mango Blocks - 13.06 - LONG'!$E:$E,"<>-",'Mango Blocks - 13.06 - LONG'!$C:$C,$A56) -> 17 | K56: =IF(J56=0,"NA",COUNTIFS('Mango Blocks - 13.06 - LONG'!$E:$E,"H",'Mango Blocks - 13.06 - LONG'!$C:$C,$A56)) -> 0 | L56: =IF(J56=0,"NA",COUNTIFS('Mango Blocks - 13.06 - LONG'!$E:$E,"H",'Mango Blocks - 13.06 - LONG'!$C:$C,$A56)/J56) -> 0 | M56: =IF(J56=0,"NA",COUNTIFS('Mango Blocks - 13.06 - LONG'!$E:$E,"PBL",'Mango Blocks - 13.06 - LONG'!$C:$C,$A56)/J56) -> 1 | N56: =IF(J56=0,"NA",COUNTIFS('Mango Blocks - 13.06 - LONG'!$E:$E,"FBL",'Mango Blocks - 13.06 - LONG'!$C:$C,$A56)/J56) -> 0 | O56: =IF(J56=0,"NA",COUNTIFS('Mango Blocks - 13.06 - LONG'!$E:$E,"PRK",'Mango Blocks - 13.06 - LONG'!$C:$C,$A56)/J56) -> 0 | P56: =IF(J56=0,"NA",COUNTIFS('Mango Blocks - 13.06 - LONG'!$E:$E,"FRK",'Mango Blocks - 13.06 - LONG'!$C:$C,$A56)/J56) -> 0 | Q56: =IF(K56="NA","NA",SUM(L56:P56)) -> 1 | R56: =COUNTIFS('Mango Blocks - 03.08 - LONG'!$E:$E,"<>NA",'Mango Blocks - 03.08 - LONG'!$E:$E,"<>OG",'Mango Blocks - 03.08 - LONG'!$E:$E,"<>-",'Mango Blocks - 03.08 - LONG'!$C:$C,$A56) -> 7 | S56: =IF(R56=0,"NA",COUNTIFS('Mango Blocks - 03.08 - LONG'!$E:$E,"H",'Mango Blocks - 03.08 - LONG'!$C:$C,$A56)) -> 0 | T56: =IF(R56=0,"NA",COUNTIFS('Mango Blocks - 03.08 - LONG'!$E:$E,T$2,'Mango Blocks - 03.08 - LONG'!$C:$C,$A56)/R56) -> 0 | U56: =IF(R56=0,"NA",COUNTIFS('Mango Blocks - 03.08 - LONG'!$E:$E,U$2,'Mango Blocks - 03.08 - LONG'!$C:$C,$A56)/R56) -> 0 | V56: =IF(R56=0,"NA",COUNTIFS('Mango Blocks - 03.08 - LONG'!$E:$E,V$2,'Mango Blocks - 03.08 - LONG'!$C:$C,$A56)/R56) -> 0.85714286 | W56: =IF(R56=0,"NA",COUNTIFS('Mango Blocks - 03.08 - LONG'!$E:$E,W$2,'Mango Blocks - 03.08 - LONG'!$C:$C,$A56)/R56) -> 0.14285714 | X56: =IF(R56=0,"NA",COUNTIFS('Mango Blocks - 03.08 - LONG'!$E:$E,X$2,'Mango Blocks - 03.08 - LONG'!$C:$C,$A56)/R56) -> 0 | Y56: =IF(S56="NA","NA",SUM(T56:X56)) -> 1 | Z56: - | AA56: - | AB56: - | AC56: - | AD56: - | AE56: - | AF56: - | AH56: -
A57: Block6_Q5 | B57: =COUNTIFS('Mango Blocks - 09.05 - LONG'!$E:$E,"<>NA",'Mango Blocks - 09.05 - LONG'!$E:$E,"<>OG",'Mango Blocks - 09.05 - LONG'!$E:$E,"<>-",'Mango Blocks - 09.05 - LONG'!$C:$C,$A57) -> 14 | C57: =IF($B57=0,"NA",COUNTIFS('Mango Blocks - 09.05 - LONG'!$E:$E,"H",'Mango Blocks - 09.05 - LONG'!$C:$C,$A57)) -> 4 | D57: =IF($B57=0,"NA",COUNTIFS('Mango Blocks - 09.05 - LONG'!$E:$E,"H",'Mango Blocks - 09.05 - LONG'!$C:$C,$A57)/B57) -> 0.28571429 | E57: =IF($B57=0,"NA",COUNTIFS('Mango Blocks - 09.05 - LONG'!$E:$E,"PBL",'Mango Blocks - 09.05 - LONG'!$C:$C,$A57)/B57) -> 0.64285714 | F57: =IF($B57=0,"NA",COUNTIFS('Mango Blocks - 09.05 - LONG'!$E:$E,"FBL",'Mango Blocks - 09.05 - LONG'!$C:$C,$A57)/B57) -> 0.071428571 | G57: =IF($B57=0,"NA",COUNTIFS('Mango Blocks - 09.05 - LONG'!$E:$E,"PRK",'Mango Blocks - 09.05 - LONG'!$C:$C,$A57)/B57) -> 0 | H57: =IF($B57=0,"NA",COUNTIFS('Mango Blocks - 09.05 - LONG'!$E:$E,"FRK",'Mango Blocks - 09.05 - LONG'!$C:$C,$A57)/B57) -> 0 | I57: =IF(C57="NA","NA",SUM(D57:H57)) -> 1 | J57: =COUNTIFS('Mango Blocks - 13.06 - LONG'!$E:$E,"<>NA",'Mango Blocks - 13.06 - LONG'!$E:$E,"<>OG",'Mango Blocks - 13.06 - LONG'!$E:$E,"<>-",'Mango Blocks - 13.06 - LONG'!$C:$C,$A57) -> 15 | K57: =IF(J57=0,"NA",COUNTIFS('Mango Blocks - 13.06 - LONG'!$E:$E,"H",'Mango Blocks - 13.06 - LONG'!$C:$C,$A57)) -> 8 | L57: =IF(J57=0,"NA",COUNTIFS('Mango Blocks - 13.06 - LONG'!$E:$E,"H",'Mango Blocks - 13.06 - LONG'!$C:$C,$A57)/J57) -> 0.53333333 | M57: =IF(J57=0,"NA",COUNTIFS('Mango Blocks - 13.06 - LONG'!$E:$E,"PBL",'Mango Blocks - 13.06 - LONG'!$C:$C,$A57)/J57) -> 0 | N57: =IF(J57=0,"NA",COUNTIFS('Mango Blocks - 13.06 - LONG'!$E:$E,"FBL",'Mango Blocks - 13.06 - LONG'!$C:$C,$A57)/J57) -> 0.4 | O57: =IF(J57=0,"NA",COUNTIFS('Mango Blocks - 13.06 - LONG'!$E:$E,"PRK",'Mango Blocks - 13.06 - LONG'!$C:$C,$A57)/J57) -> 0.066666667 | P57: =IF(J57=0,"NA",COUNTIFS('Mango Blocks - 13.06 - LONG'!$E:$E,"FRK",'Mango Blocks - 13.06 - LONG'!$C:$C,$A57)/J57) -> 0 | Q57: =IF(K57="NA","NA",SUM(L57:P57)) -> 1 | R57: =COUNTIFS('Mango Blocks - 03.08 - LONG'!$E:$E,"<>NA",'Mango Blocks - 03.08 - LONG'!$E:$E,"<>OG",'Mango Blocks - 03.08 - LONG'!$E:$E,"<>-",'Mango Blocks - 03.08 - LONG'!$C:$C,$A57) -> 0 | S57: =IF(R57=0,"NA",COUNTIFS('Mango Blocks - 03.08 - LONG'!$E:$E,"H",'Mango Blocks - 03.08 - LONG'!$C:$C,$A57)) -> NA | T57: =IF(R57=0,"NA",COUNTIFS('Mango Blocks - 03.08 - LONG'!$E:$E,T$2,'Mango Blocks - 03.08 - LONG'!$C:$C,$A57)/R57) -> NA | U57: =IF(R57=0,"NA",COUNTIFS('Mango Blocks - 03.08 - LONG'!$E:$E,U$2,'Mango Blocks - 03.08 - LONG'!$C:$C,$A57)/R57) -> NA | V57: =IF(R57=0,"NA",COUNTIFS('Mango Blocks - 03.08 - LONG'!$E:$E,V$2,'Mango Blocks - 03.08 - LONG'!$C:$C,$A57)/R57) -> NA | W57: =IF(R57=0,"NA",COUNTIFS('Mango Blocks - 03.08 - LONG'!$E:$E,W$2,'Mango Blocks - 03.08 - LONG'!$C:$C,$A57)/R57) -> NA | X57: =IF(R57=0,"NA",COUNTIFS('Mango Blocks - 03.08 - LONG'!$E:$E,X$2,'Mango Blocks - 03.08 - LONG'!$C:$C,$A57)/R57) -> NA | Y57: =IF(S57="NA","NA",SUM(T57:X57)) -> NA | Z57: - | AA57: - | AB57: - | AC57: - | AD57: - | AE57: - | AF57: - | AH57: -
A58: Block6_Q6 | B58: =COUNTIFS('Mango Blocks - 09.05 - LONG'!$E:$E,"<>NA",'Mango Blocks - 09.05 - LONG'!$E:$E,"<>OG",'Mango Blocks - 09.05 - LONG'!$E:$E,"<>-",'Mango Blocks - 09.05 - LONG'!$C:$C,$A58) -> 11 | C58: =IF($B58=0,"NA",COUNTIFS('Mango Blocks - 09.05 - LONG'!$E:$E,"H",'Mango Blocks - 09.05 - LONG'!$C:$C,$A58)) -> 0 | D58: =IF($B58=0,"NA",COUNTIFS('Mango Blocks - 09.05 - LONG'!$E:$E,"H",'Mango Blocks - 09.05 - LONG'!$C:$C,$A58)/B58) -> 0 | E58: =IF($B58=0,"NA",COUNTIFS('Mango Blocks - 09.05 - LONG'!$E:$E,"PBL",'Mango Blocks - 09.05 - LONG'!$C:$C,$A58)/B58) -> 0.18181818 | F58: =IF($B58=0,"NA",COUNTIFS('Mango Blocks - 09.05 - LONG'!$E:$E,"FBL",'Mango Blocks - 09.05 - LONG'!$C:$C,$A58)/B58) -> 0.81818182 | G58: =IF($B58=0,"NA",COUNTIFS('Mango Blocks - 09.05 - LONG'!$E:$E,"PRK",'Mango Blocks - 09.05 - LONG'!$C:$C,$A58)/B58) -> 0 | H58: =IF($B58=0,"NA",COUNTIFS('Mango Blocks - 09.05 - LONG'!$E:$E,"FRK",'Mango Blocks - 09.05 - LONG'!$C:$C,$A58)/B58) -> 0 | I58: =IF(C58="NA","NA",SUM(D58:H58)) -> 1 | J58: =COUNTIFS('Mango Blocks - 13.06 - LONG'!$E:$E,"<>NA",'Mango Blocks - 13.06 - LONG'!$E:$E,"<>OG",'Mango Blocks - 13.06 - LONG'!$E:$E,"<>-",'Mango Blocks - 13.06 - LONG'!$C:$C,$A58) -> 7 | K58: =IF(J58=0,"NA",COUNTIFS('Mango Blocks - 13.06 - LONG'!$E:$E,"H",'Mango Blocks - 13.06 - LONG'!$C:$C,$A58)) -> 0 | L58: =IF(J58=0,"NA",COUNTIFS('Mango Blocks - 13.06 - LONG'!$E:$E,"H",'Mango Blocks - 13.06 - LONG'!$C:$C,$A58)/J58) -> 0 | M58: =IF(J58=0,"NA",COUNTIFS('Mango Blocks - 13.06 - LONG'!$E:$E,"PBL",'Mango Blocks - 13.06 - LONG'!$C:$C,$A58)/J58) -> 0.14285714 | N58: =IF(J58=0,"NA",COUNTIFS('Mango Blocks - 13.06 - LONG'!$E:$E,"FBL",'Mango Blocks - 13.06 - LONG'!$C:$C,$A58)/J58) -> 0.85714286 | O58: =IF(J58=0,"NA",COUNTIFS('Mango Blocks - 13.06 - LONG'!$E:$E,"PRK",'Mango Blocks - 13.06 - LONG'!$C:$C,$A58)/J58) -> 0 | P58: =IF(J58=0,"NA",COUNTIFS('Mango Blocks - 13.06 - LONG'!$E:$E,"FRK",'Mango Blocks - 13.06 - LONG'!$C:$C,$A58)/J58) -> 0 | Q58: =IF(K58="NA","NA",SUM(L58:P58)) -> 1 | R58: =COUNTIFS('Mango Blocks - 03.08 - LONG'!$E:$E,"<>NA",'Mango Blocks - 03.08 - LONG'!$E:$E,"<>OG",'Mango Blocks - 03.08 - LONG'!$E:$E,"<>-",'Mango Blocks - 03.08 - LONG'!$C:$C,$A58) -> 0 | S58: =IF(R58=0,"NA",COUNTIFS('Mango Blocks - 03.08 - LONG'!$E:$E,"H",'Mango Blocks - 03.08 - LONG'!$C:$C,$A58)) -> NA | T58: =IF(R58=0,"NA",COUNTIFS('Mango Blocks - 03.08 - LONG'!$E:$E,T$2,'Mango Blocks - 03.08 - LONG'!$C:$C,$A58)/R58) -> NA | U58: =IF(R58=0,"NA",COUNTIFS('Mango Blocks - 03.08 - LONG'!$E:$E,U$2,'Mango Blocks - 03.08 - LONG'!$C:$C,$A58)/R58) -> NA | V58: =IF(R58=0,"NA",COUNTIFS('Mango Blocks - 03.08 - LONG'!$E:$E,V$2,'Mango Blocks - 03.08 - LONG'!$C:$C,$A58)/R58) -> NA | W58: =IF(R58=0,"NA",COUNTIFS('Mango Blocks - 03.08 - LONG'!$E:$E,W$2,'Mango Blocks - 03.08 - LONG'!$C:$C,$A58)/R58) -> NA | X58: =IF(R58=0,"NA",COUNTIFS('Mango Blocks - 03.08 - LONG'!$E:$E,X$2,'Mango Blocks - 03.08 - LONG'!$C:$C,$A58)/R58) -> NA | Y58: =IF(S58="NA","NA",SUM(T58:X58)) -> NA | Z58: - | AA58: - | AB58: - | AC58: - | AD58: - | AE58: - | AF58: - | AH58: -
A59: Block6_Q7 | B59: =COUNTIFS('Mango Blocks - 09.05 - LONG'!$E:$E,"<>NA",'Mango Blocks - 09.05 - LONG'!$E:$E,"<>OG",'Mango Blocks - 09.05 - LONG'!$E:$E,"<>-",'Mango Blocks - 09.05 - LONG'!$C:$C,$A59) -> 5 | C59: =IF($B59=0,"NA",COUNTIFS('Mango Blocks - 09.05 - LONG'!$E:$E,"H",'Mango Blocks - 09.05 - LONG'!$C:$C,$A59)) -> 0 | D59: =IF($B59=0,"NA",COUNTIFS('Mango Blocks - 09.05 - LONG'!$E:$E,"H",'Mango Blocks - 09.05 - LONG'!$C:$C,$A59)/B59) -> 0 | E59: =IF($B59=0,"NA",COUNTIFS('Mango Blocks - 09.05 - LONG'!$E:$E,"PBL",'Mango Blocks - 09.05 - LONG'!$C:$C,$A59)/B59) -> 0.4 | F59: =IF($B59=0,"NA",COUNTIFS('Mango Blocks - 09.05 - LONG'!$E:$E,"FBL",'Mango Blocks - 09.05 - LONG'!$C:$C,$A59)/B59) -> 0.2 | G59: =IF($B59=0,"NA",COUNTIFS('Mango Blocks - 09.05 - LONG'!$E:$E,"PRK",'Mango Blocks - 09.05 - LONG'!$C:$C,$A59)/B59) -> 0.4 | H59: =IF($B59=0,"NA",COUNTIFS('Mango Blocks - 09.05 - LONG'!$E:$E,"FRK",'Mango Blocks - 09.05 - LONG'!$C:$C,$A59)/B59) -> 0 | I59: =IF(C59="NA","NA",SUM(D59:H59)) -> 1 | J59: =COUNTIFS('Mango Blocks - 13.06 - LONG'!$E:$E,"<>NA",'Mango Blocks - 13.06 - LONG'!$E:$E,"<>OG",'Mango Blocks - 13.06 - LONG'!$E:$E,"<>-",'Mango Blocks - 13.06 - LONG'!$C:$C,$A59) -> 34 | K59: =IF(J59=0,"NA",COUNTIFS('Mango Blocks - 13.06 - LONG'!$E:$E,"H",'Mango Blocks - 13.06 - LONG'!$C:$C,$A59)) -> 0 | L59: =IF(J59=0,"NA",COUNTIFS('Mango Blocks - 13.06 - LONG'!$E:$E,"H",'Mango Blocks - 13.06 - LONG'!$C:$C,$A59)/J59) -> 0 | M59: =IF(J59=0,"NA",COUNTIFS('Mango Blocks - 13.06 - LONG'!$E:$E,"PBL",'Mango Blocks - 13.06 - LONG'!$C:$C,$A59)/J59) -> 0.058823529 | N59: =IF(J59=0,"NA",COUNTIFS('Mango Blocks - 13.06 - LONG'!$E:$E,"FBL",'Mango Blocks - 13.06 - LONG'!$C:$C,$A59)/J59) -> 0.85294118 | O59: =IF(J59=0,"NA",COUNTIFS('Mango Blocks - 13.06 - LONG'!$E:$E,"PRK",'Mango Blocks - 13.06 - LONG'!$C:$C,$A59)/J59) -> 0.088235294 | P59: =IF(J59=0,"NA",COUNTIFS('Mango Blocks - 13.06 - LONG'!$E:$E,"FRK",'Mango Blocks - 13.06 - LONG'!$C:$C,$A59)/J59) -> 0 | Q59: =IF(K59="NA","NA",SUM(L59:P59)) -> 1 | R59: =COUNTIFS('Mango Blocks - 03.08 - LONG'!$E:$E,"<>NA",'Mango Blocks - 03.08 - LONG'!$E:$E,"<>OG",'Mango Blocks - 03.08 - LONG'!$E:$E,"<>-",'Mango Blocks - 03.08 - LONG'!$C:$C,$A59) -> 17 | S59: =IF(R59=0,"NA",COUNTIFS('Mango Blocks - 03.08 - LONG'!$E:$E,"H",'Mango Blocks - 03.08 - LONG'!$C:$C,$A59)) -> 0 | T59: =IF(R59=0,"NA",COUNTIFS('Mango Blocks - 03.08 - LONG'!$E:$E,T$2,'Mango Blocks - 03.08 - LONG'!$C:$C,$A59)/R59) -> 0 | U59: =IF(R59=0,"NA",COUNTIFS('Mango Blocks - 03.08 - LONG'!$E:$E,U$2,'Mango Blocks - 03.08 - LONG'!$C:$C,$A59)/R59) -> 0.17647059 | V59: =IF(R59=0,"NA",COUNTIFS('Mango Blocks - 03.08 - LONG'!$E:$E,V$2,'Mango Blocks - 03.08 - LONG'!$C:$C,$A59)/R59) -> 0.82352941 | W59: =IF(R59=0,"NA",COUNTIFS('Mango Blocks - 03.08 - LONG'!$E:$E,W$2,'Mango Blocks - 03.08 - LONG'!$C:$C,$A59)/R59) -> 0 | X59: =IF(R59=0,"NA",COUNTIFS('Mango Blocks - 03.08 - LONG'!$E:$E,X$2,'Mango Blocks - 03.08 - LONG'!$C:$C,$A59)/R59) -> 0 | Y59: =IF(S59="NA","NA",SUM(T59:X59)) -> 1 | Z59: - | AA59: - | AB59: - | AC59: - | AD59: - | AE59: - | AF59: - | AH59: -
A60: Block6_Q8 | B60: =COUNTIFS('Mango Blocks - 09.05 - LONG'!$E:$E,"<>NA",'Mango Blocks - 09.05 - LONG'!$E:$E,"<>OG",'Mango Blocks - 09.05 - LONG'!$E:$E,"<>-",'Mango Blocks - 09.05 - LONG'!$C:$C,$A60) -> 9 | C60: =IF($B60=0,"NA",COUNTIFS('Mango Blocks - 09.05 - LONG'!$E:$E,"H",'Mango Blocks - 09.05 - LONG'!$C:$C,$A60)) -> 5 | D60: =IF($B60=0,"NA",COUNTIFS('Mango Blocks - 09.05 - LONG'!$E:$E,"H",'Mango Blocks - 09.05 - LONG'!$C:$C,$A60)/B60) -> 0.55555556 | E60: =IF($B60=0,"NA",COUNTIFS('Mango Blocks - 09.05 - LONG'!$E:$E,"PBL",'Mango Blocks - 09.05 - LONG'!$C:$C,$A60)/B60) -> 0.22222222 | F60: =IF($B60=0,"NA",COUNTIFS('Mango Blocks - 09.05 - LONG'!$E:$E,"FBL",'Mango Blocks - 09.05 - LONG'!$C:$C,$A60)/B60) -> 0 | G60: =IF($B60=0,"NA",COUNTIFS('Mango Blocks - 09.05 - LONG'!$E:$E,"PRK",'Mango Blocks - 09.05 - LONG'!$C:$C,$A60)/B60) -> 0.11111111 | H60: =IF($B60=0,"NA",COUNTIFS('Mango Blocks - 09.05 - LONG'!$E:$E,"FRK",'Mango Blocks - 09.05 - LONG'!$C:$C,$A60)/B60) -> 0.11111111 | I60: =IF(C60="NA","NA",SUM(D60:H60)) -> 1 | J60: =COUNTIFS('Mango Blocks - 13.06 - LONG'!$E:$E,"<>NA",'Mango Blocks - 13.06 - LONG'!$E:$E,"<>OG",'Mango Blocks - 13.06 - LONG'!$E:$E,"<>-",'Mango Blocks - 13.06 - LONG'!$C:$C,$A60) -> 14 | K60: =IF(J60=0,"NA",COUNTIFS('Mango Blocks - 13.06 - LONG'!$E:$E,"H",'Mango Blocks - 13.06 - LONG'!$C:$C,$A60)) -> 1 | L60: =IF(J60=0,"NA",COUNTIFS('Mango Blocks - 13.06 - LONG'!$E:$E,"H",'Mango Blocks - 13.06 - LONG'!$C:$C,$A60)/J60) -> 0.071428571 | M60: =IF(J60=0,"NA",COUNTIFS('Mango Blocks - 13.06 - LONG'!$E:$E,"PBL",'Mango Blocks - 13.06 - LONG'!$C:$C,$A60)/J60) -> 0.92857143 | N60: =IF(J60=0,"NA",COUNTIFS('Mango Blocks - 13.06 - LONG'!$E:$E,"FBL",'Mango Blocks - 13.06 - LONG'!$C:$C,$A60)/J60) -> 0 | O60: =IF(J60=0,"NA",COUNTIFS('Mango Blocks - 13.06 - LONG'!$E:$E,"PRK",'Mango Blocks - 13.06 - LONG'!$C:$C,$A60)/J60) -> 0 | P60: =IF(J60=0,"NA",COUNTIFS('Mango Blocks - 13.06 - LONG'!$E:$E,"FRK",'Mango Blocks - 13.06 - LONG'!$C:$C,$A60)/J60) -> 0 | Q60: =IF(K60="NA","NA",SUM(L60:P60)) -> 1 | R60: =COUNTIFS('Mango Blocks - 03.08 - LONG'!$E:$E,"<>NA",'Mango Blocks - 03.08 - LONG'!$E:$E,"<>OG",'Mango Blocks - 03.08 - LONG'!$E:$E,"<>-",'Mango Blocks - 03.08 - LONG'!$C:$C,$A60) -> 0 | S60: =IF(R60=0,"NA",COUNTIFS('Mango Blocks - 03.08 - LONG'!$E:$E,"H",'Mango Blocks - 03.08 - LONG'!$C:$C,$A60)) -> NA | T60: =IF(R60=0,"NA",COUNTIFS('Mango Blocks - 03.08 - LONG'!$E:$E,T$2,'Mango Blocks - 03.08 - LONG'!$C:$C,$A60)/R60) -> NA | U60: =IF(R60=0,"NA",COUNTIFS('Mango Blocks - 03.08 - LONG'!$E:$E,U$2,'Mango Blocks - 03.08 - LONG'!$C:$C,$A60)/R60) -> NA | V60: =IF(R60=0,"NA",COUNTIFS('Mango Blocks - 03.08 - LONG'!$E:$E,V$2,'Mango Blocks - 03.08 - LONG'!$C:$C,$A60)/R60) -> NA | W60: =IF(R60=0,"NA",COUNTIFS('Mango Blocks - 03.08 - LONG'!$E:$E,W$2,'Mango Blocks - 03.08 - LONG'!$C:$C,$A60)/R60) -> NA | X60: =IF(R60=0,"NA",COUNTIFS('Mango Blocks - 03.08 - LONG'!$E:$E,X$2,'Mango Blocks - 03.08 - LONG'!$C:$C,$A60)/R60) -> NA | Y60: =IF(S60="NA","NA",SUM(T60:X60)) -> NA | Z60: - | AA60: - | AB60: - | AC60: - | AD60: - | AE60: - | AF60: - | AH60: -
A61: Block6_Q9 | B61: =COUNTIFS('Mango Blocks - 09.05 - LONG'!$E:$E,"<>NA",'Mango Blocks - 09.05 - LONG'!$E:$E,"<>OG",'Mango Blocks - 09.05 - LONG'!$E:$E,"<>-",'Mango Blocks - 09.05 - LONG'!$C:$C,$A61) -> 0 | C61: =IF($B61=0,"NA",COUNTIFS('Mango Blocks - 09.05 - LONG'!$E:$E,"H",'Mango Blocks - 09.05 - LONG'!$C:$C,$A61)) -> NA | D61: =IF($B61=0,"NA",COUNTIFS('Mango Blocks - 09.05 - LONG'!$E:$E,"H",'Mango Blocks - 09.05 - LONG'!$C:$C,$A61)/B61) -> NA | E61: =IF($B61=0,"NA",COUNTIFS('Mango Blocks - 09.05 - LONG'!$E:$E,"PBL",'Mango Blocks - 09.05 - LONG'!$C:$C,$A61)/B61) -> NA | F61: =IF($B61=0,"NA",COUNTIFS('Mango Blocks - 09.05 - LONG'!$E:$E,"FBL",'Mango Blocks - 09.05 - LONG'!$C:$C,$A61)/B61) -> NA | G61: =IF($B61=0,"NA",COUNTIFS('Mango Blocks - 09.05 - LONG'!$E:$E,"PRK",'Mango Blocks - 09.05 - LONG'!$C:$C,$A61)/B61) -> NA | H61: =IF($B61=0,"NA",COUNTIFS('Mango Blocks - 09.05 - LONG'!$E:$E,"FRK",'Mango Blocks - 09.05 - LONG'!$C:$C,$A61)/B61) -> NA | I61: =IF(C61="NA","NA",SUM(D61:H61)) -> NA | J61: =COUNTIFS('Mango Blocks - 13.06 - LONG'!$E:$E,"<>NA",'Mango Blocks - 13.06 - LONG'!$E:$E,"<>OG",'Mango Blocks - 13.06 - LONG'!$E:$E,"<>-",'Mango Blocks - 13.06 - LONG'!$C:$C,$A61) -> 0 | K61: =IF(J61=0,"NA",COUNTIFS('Mango Blocks - 13.06 - LONG'!$E:$E,"H",'Mango Blocks - 13.06 - LONG'!$C:$C,$A61)) -> NA | L61: =IF(J61=0,"NA",COUNTIFS('Mango Blocks - 13.06 - LONG'!$E:$E,"H",'Mango Blocks - 13.06 - LONG'!$C:$C,$A61)/J61) -> NA | M61: =IF(J61=0,"NA",COUNTIFS('Mango Blocks - 13.06 - LONG'!$E:$E,"PBL",'Mango Blocks - 13.06 - LONG'!$C:$C,$A61)/J61) -> NA | N61: =IF(J61=0,"NA",COUNTIFS('Mango Blocks - 13.06 - LONG'!$E:$E,"FBL",'Mango Blocks - 13.06 - LONG'!$C:$C,$A61)/J61) -> NA | O61: =IF(J61=0,"NA",COUNTIFS('Mango Blocks - 13.06 - LONG'!$E:$E,"PRK",'Mango Blocks - 13.06 - LONG'!$C:$C,$A61)/J61) -> NA | P61: =IF(J61=0,"NA",COUNTIFS('Mango Blocks - 13.06 - LONG'!$E:$E,"FRK",'Mango Blocks - 13.06 - LONG'!$C:$C,$A61)/J61) -> NA | Q61: =IF(K61="NA","NA",SUM(L61:P61)) -> NA | R61: =COUNTIFS('Mango Blocks - 03.08 - LONG'!$E:$E,"<>NA",'Mango Blocks - 03.08 - LONG'!$E:$E,"<>OG",'Mango Blocks - 03.08 - LONG'!$E:$E,"<>-",'Mango Blocks - 03.08 - LONG'!$C:$C,$A61) -> 13 | S61: =IF(R61=0,"NA",COUNTIFS('Mango Blocks - 03.08 - LONG'!$E:$E,"H",'Mango Blocks - 03.08 - LONG'!$C:$C,$A61)) -> 0 | T61: =IF(R61=0,"NA",COUNTIFS('Mango Blocks - 03.08 - LONG'!$E:$E,T$2,'Mango Blocks - 03.08 - LONG'!$C:$C,$A61)/R61) -> 0 | U61: =IF(R61=0,"NA",COUNTIFS('Mango Blocks - 03.08 - LONG'!$E:$E,U$2,'Mango Blocks - 03.08 - LONG'!$C:$C,$A61)/R61) -> 0 | V61: =IF(R61=0,"NA",COUNTIFS('Mango Blocks - 03.08 - LONG'!$E:$E,V$2,'Mango Blocks - 03.08 - LONG'!$C:$C,$A61)/R61) -> 0.61538462 | W61: =IF(R61=0,"NA",COUNTIFS('Mango Blocks - 03.08 - LONG'!$E:$E,W$2,'Mango Blocks - 03.08 - LONG'!$C:$C,$A61)/R61) -> 0.076923077 | X61: =IF(R61=0,"NA",COUNTIFS('Mango Blocks - 03.08 - LONG'!$E:$E,X$2,'Mango Blocks - 03.08 - LONG'!$C:$C,$A61)/R61) -> 0.30769231 | Y61: =IF(S61="NA","NA",SUM(T61:X61)) -> 1 | Z61: - | AA61: - | AB61: - | AC61: - | AD61: - | AE61: - | AF61: - | AH61: -
A62: Block6_Q10 | B62: =COUNTIFS('Mango Blocks - 09.05 - LONG'!$E:$E,"<>NA",'Mango Blocks - 09.05 - LONG'!$E:$E,"<>OG",'Mango Blocks - 09.05 - LONG'!$E:$E,"<>-",'Mango Blocks - 09.05 - LONG'!$C:$C,$A62) -> 3 | C62: =IF($B62=0,"NA",COUNTIFS('Mango Blocks - 09.05 - LONG'!$E:$E,"H",'Mango Blocks - 09.05 - LONG'!$C:$C,$A62)) -> 3 | D62: =IF($B62=0,"NA",COUNTIFS('Mango Blocks - 09.05 - LONG'!$E:$E,"H",'Mango Blocks - 09.05 - LONG'!$C:$C,$A62)/B62) -> 1 | E62: =IF($B62=0,"NA",COUNTIFS('Mango Blocks - 09.05 - LONG'!$E:$E,"PBL",'Mango Blocks - 09.05 - LONG'!$C:$C,$A62)/B62) -> 0 | F62: =IF($B62=0,"NA",COUNTIFS('Mango Blocks - 09.05 - LONG'!$E:$E,"FBL",'Mango Blocks - 09.05 - LONG'!$C:$C,$A62)/B62) -> 0 | G62: =IF($B62=0,"NA",COUNTIFS('Mango Blocks - 09.05 - LONG'!$E:$E,"PRK",'Mango Blocks - 09.05 - LONG'!$C:$C,$A62)/B62) -> 0 | H62: =IF($B62=0,"NA",COUNTIFS('Mango Blocks - 09.05 - LONG'!$E:$E,"FRK",'Mango Blocks - 09.05 - LONG'!$C:$C,$A62)/B62) -> 0 | I62: =IF(C62="NA","NA",SUM(D62:H62)) -> 1 | J62: =COUNTIFS('Mango Blocks - 13.06 - LONG'!$E:$E,"<>NA",'Mango Blocks - 13.06 - LONG'!$E:$E,"<>OG",'Mango Blocks - 13.06 - LONG'!$E:$E,"<>-",'Mango Blocks - 13.06 - LONG'!$C:$C,$A62) -> 2 | K62: =IF(J62=0,"NA",COUNTIFS('Mango Blocks - 13.06 - LONG'!$E:$E,"H",'Mango Blocks - 13.06 - LONG'!$C:$C,$A62)) -> 1 | L62: =IF(J62=0,"NA",COUNTIFS('Mango Blocks - 13.06 - LONG'!$E:$E,"H",'Mango Blocks - 13.06 - LONG'!$C:$C,$A62)/J62) -> 0.5 | M62: =IF(J62=0,"NA",COUNTIFS('Mango Blocks - 13.06 - LONG'!$E:$E,"PBL",'Mango Blocks - 13.06 - LONG'!$C:$C,$A62)/J62) -> 0.5 | N62: =IF(J62=0,"NA",COUNTIFS('Mango Blocks - 13.06 - LONG'!$E:$E,"FBL",'Mango Blocks - 13.06 - LONG'!$C:$C,$A62)/J62) -> 0 | O62: =IF(J62=0,"NA",COUNTIFS('Mango Blocks - 13.06 - LONG'!$E:$E,"PRK",'Mango Blocks - 13.06 - LONG'!$C:$C,$A62)/J62) -> 0 | P62: =IF(J62=0,"NA",COUNTIFS('Mango Blocks - 13.06 - LONG'!$E:$E,"FRK",'Mango Blocks - 13.06 - LONG'!$C:$C,$A62)/J62) -> 0 | Q62: =IF(K62="NA","NA",SUM(L62:P62)) -> 1 | R62: =COUNTIFS('Mango Blocks - 03.08 - LONG'!$E:$E,"<>NA",'Mango Blocks - 03.08 - LONG'!$E:$E,"<>OG",'Mango Blocks - 03.08 - LONG'!$E:$E,"<>-",'Mango Blocks - 03.08 - LONG'!$C:$C,$A62) -> 0 | S62: =IF(R62=0,"NA",COUNTIFS('Mango Blocks - 03.08 - LONG'!$E:$E,"H",'Mango Blocks - 03.08 - LONG'!$C:$C,$A62)) -> NA | T62: =IF(R62=0,"NA",COUNTIFS('Mango Blocks - 03.08 - LONG'!$E:$E,T$2,'Mango Blocks - 03.08 - LONG'!$C:$C,$A62)/R62) -> NA | U62: =IF(R62=0,"NA",COUNTIFS('Mango Blocks - 03.08 - LONG'!$E:$E,U$2,'Mango Blocks - 03.08 - LONG'!$C:$C,$A62)/R62) -> NA | V62: =IF(R62=0,"NA",COUNTIFS('Mango Blocks - 03.08 - LONG'!$E:$E,V$2,'Mango Blocks - 03.08 - LONG'!$C:$C,$A62)/R62) -> NA | W62: =IF(R62=0,"NA",COUNTIFS('Mango Blocks - 03.08 - LONG'!$E:$E,W$2,'Mango Blocks - 03.08 - LONG'!$C:$C,$A62)/R62) -> NA | X62: =IF(R62=0,"NA",COUNTIFS('Mango Blocks - 03.08 - LONG'!$E:$E,X$2,'Mango Blocks - 03.08 - LONG'!$C:$C,$A62)/R62) -> NA | Y62: =IF(S62="NA","NA",SUM(T62:X62)) -> NA | Z62: - | AA62: - | AB62: - | AC62: - | AD62: - | AE62: - | AF62: - | AH62: -
A63: Block7_Q1 | B63: =COUNTIFS('Mango Blocks - 09.05 - LONG'!$E:$E,"<>NA",'Mango Blocks - 09.05 - LONG'!$E:$E,"<>OG",'Mango Blocks - 09.05 - LONG'!$E:$E,"<>-",'Mango Blocks - 09.05 - LONG'!$C:$C,$A63) -> 12 | C63: =IF($B63=0,"NA",COUNTIFS('Mango Blocks - 09.05 - LONG'!$E:$E,"H",'Mango Blocks - 09.05 - LONG'!$C:$C,$A63)) -> 6 | D63: =IF($B63=0,"NA",COUNTIFS('Mango Blocks - 09.05 - LONG'!$E:$E,"H",'Mango Blocks - 09.05 - LONG'!$C:$C,$A63)/B63) -> 0.5 | E63: =IF($B63=0,"NA",COUNTIFS('Mango Blocks - 09.05 - LONG'!$E:$E,"PBL",'Mango Blocks - 09.05 - LONG'!$C:$C,$A63)/B63) -> 0.41666667 | F63: =IF($B63=0,"NA",COUNTIFS('Mango Blocks - 09.05 - LONG'!$E:$E,"FBL",'Mango Blocks - 09.05 - LONG'!$C:$C,$A63)/B63) -> 0 | G63: =IF($B63=0,"NA",COUNTIFS('Mango Blocks - 09.05 - LONG'!$E:$E,"PRK",'Mango Blocks - 09.05 - LONG'!$C:$C,$A63)/B63) -> 0.083333333 | H63: =IF($B63=0,"NA",COUNTIFS('Mango Blocks - 09.05 - LONG'!$E:$E,"FRK",'Mango Blocks - 09.05 - LONG'!$C:$C,$A63)/B63) -> 0 | I63: =IF(C63="NA","NA",SUM(D63:H63)) -> 1 | J63: =COUNTIFS('Mango Blocks - 13.06 - LONG'!$E:$E,"<>NA",'Mango Blocks - 13.06 - LONG'!$E:$E,"<>OG",'Mango Blocks - 13.06 - LONG'!$E:$E,"<>-",'Mango Blocks - 13.06 - LONG'!$C:$C,$A63) -> 0 | K63: =IF(J63=0,"NA",COUNTIFS('Mango Blocks - 13.06 - LONG'!$E:$E,"H",'Mango Blocks - 13.06 - LONG'!$C:$C,$A63)) -> NA | L63: =IF(J63=0,"NA",COUNTIFS('Mango Blocks - 13.06 - LONG'!$E:$E,"H",'Mango Blocks - 13.06 - LONG'!$C:$C,$A63)/J63) -> NA | M63: =IF(J63=0,"NA",COUNTIFS('Mango Blocks - 13.06 - LONG'!$E:$E,"PBL",'Mango Blocks - 13.06 - LONG'!$C:$C,$A63)/J63) -> NA | N63: =IF(J63=0,"NA",COUNTIFS('Mango Blocks - 13.06 - LONG'!$E:$E,"FBL",'Mango Blocks - 13.06 - LONG'!$C:$C,$A63)/J63) -> NA | O63: =IF(J63=0,"NA",COUNTIFS('Mango Blocks - 13.06 - LONG'!$E:$E,"PRK",'Mango Blocks - 13.06 - LONG'!$C:$C,$A63)/J63) -> NA | P63: =IF(J63=0,"NA",COUNTIFS('Mango Blocks - 13.06 - LONG'!$E:$E,"FRK",'Mango Blocks - 13.06 - LONG'!$C:$C,$A63)/J63) -> NA | Q63: =IF(K63="NA","NA",SUM(L63:P63)) -> NA | R63: =COUNTIFS('Mango Blocks - 03.08 - LONG'!$E:$E,"<>NA",'Mango Blocks - 03.08 - LONG'!$E:$E,"<>OG",'Mango Blocks - 03.08 - LONG'!$E:$E,"<>-",'Mango Blocks - 03.08 - LONG'!$C:$C,$A63) -> 5 | S63: =IF(R63=0,"NA",COUNTIFS('Mango Blocks - 03.08 - LONG'!$E:$E,"H",'Mango Blocks - 03.08 - LONG'!$C:$C,$A63)) -> 0 | T63: =IF(R63=0,"NA",COUNTIFS('Mango Blocks - 03.08 - LONG'!$E:$E,T$2,'Mango Blocks - 03.08 - LONG'!$C:$C,$A63)/R63) -> 0 | U63: =IF(R63=0,"NA",COUNTIFS('Mango Blocks - 03.08 - LONG'!$E:$E,U$2,'Mango Blocks - 03.08 - LONG'!$C:$C,$A63)/R63) -> 0 | V63: =IF(R63=0,"NA",COUNTIFS('Mango Blocks - 03.08 - LONG'!$E:$E,V$2,'Mango Blocks - 03.08 - LONG'!$C:$C,$A63)/R63) -> 0.8 | W63: =IF(R63=0,"NA",COUNTIFS('Mango Blocks - 03.08 - LONG'!$E:$E,W$2,'Mango Blocks - 03.08 - LONG'!$C:$C,$A63)/R63) -> 0 | X63: =IF(R63=0,"NA",COUNTIFS('Mango Blocks - 03.08 - LONG'!$E:$E,X$2,'Mango Blocks - 03.08 - LONG'!$C:$C,$A63)/R63) -> 0.2 | Y63: =IF(S63="NA","NA",SUM(T63:X63)) -> 1 | Z63: - | AA63: - | AB63: - | AC63: - | AD63: - | AE63: - | AF63: - | AH63: -
A64: Block7_Q2 | B64: =COUNTIFS('Mango Blocks - 09.05 - LONG'!$E:$E,"<>NA",'Mango Blocks - 09.05 - LONG'!$E:$E,"<>OG",'Mango Blocks - 09.05 - LONG'!$E:$E,"<>-",'Mango Blocks - 09.05 - LONG'!$C:$C,$A64) -> 21 | C64: =IF($B64=0,"NA",COUNTIFS('Mango Blocks - 09.05 - LONG'!$E:$E,"H",'Mango Blocks - 09.05 - LONG'!$C:$C,$A64)) -> 8 | D64: =IF($B64=0,"NA",COUNTIFS('Mango Blocks - 09.05 - LONG'!$E:$E,"H",'Mango Blocks - 09.05 - LONG'!$C:$C,$A64)/B64) -> 0.38095238 | E64: =IF($B64=0,"NA",COUNTIFS('Mango Blocks - 09.05 - LONG'!$E:$E,"PBL",'Mango Blocks - 09.05 - LONG'!$C:$C,$A64)/B64) -> 0.047619048 | F64: =IF($B64=0,"NA",COUNTIFS('Mango Blocks - 09.05 - LONG'!$E:$E,"FBL",'Mango Blocks - 09.05 - LONG'!$C:$C,$A64)/B64) -> 0.38095238 | G64: =IF($B64=0,"NA",COUNTIFS('Mango Blocks - 09.05 - LONG'!$E:$E,"PRK",'Mango Blocks - 09.05 - LONG'!$C:$C,$A64)/B64) -> 0.095238095 | H64: =IF($B64=0,"NA",COUNTIFS('Mango Blocks - 09.05 - LONG'!$E:$E,"FRK",'Mango Blocks - 09.05 - LONG'!$C:$C,$A64)/B64) -> 0.095238095 | I64: =IF(C64="NA","NA",SUM(D64:H64)) -> 1 | J64: =COUNTIFS('Mango Blocks - 13.06 - LONG'!$E:$E,"<>NA",'Mango Blocks - 13.06 - LONG'!$E:$E,"<>OG",'Mango Blocks - 13.06 - LONG'!$E:$E,"<>-",'Mango Blocks - 13.06 - LONG'!$C:$C,$A64) -> 16 | K64: =IF(J64=0,"NA",COUNTIFS('Mango Blocks - 13.06 - LONG'!$E:$E,"H",'Mango Blocks - 13.06 - LONG'!$C:$C,$A64)) -> 16 | L64: =IF(J64=0,"NA",COUNTIFS('Mango Blocks - 13.06 - LONG'!$E:$E,"H",'Mango Blocks - 13.06 - LONG'!$C:$C,$A64)/J64) -> 1 | M64: =IF(J64=0,"NA",COUNTIFS('Mango Blocks - 13.06 - LONG'!$E:$E,"PBL",'Mango Blocks - 13.06 - LONG'!$C:$C,$A64)/J64) -> 0 | N64: =IF(J64=0,"NA",COUNTIFS('Mango Blocks - 13.06 - LONG'!$E:$E,"FBL",'Mango Blocks - 13.06 - LONG'!$C:$C,$A64)/J64) -> 0 | O64: =IF(J64=0,"NA",COUNTIFS('Mango Blocks - 13.06 - LONG'!$E:$E,"PRK",'Mango Blocks - 13.06 - LONG'!$C:$C,$A64)/J64) -> 0 | P64: =IF(J64=0,"NA",COUNTIFS('Mango Blocks - 13.06 - LONG'!$E:$E,"FRK",'Mango Blocks - 13.06 - LONG'!$C:$C,$A64)/J64) -> 0 | Q64: =IF(K64="NA","NA",SUM(L64:P64)) -> 1 | R64: =COUNTIFS('Mango Blocks - 03.08 - LONG'!$E:$E,"<>NA",'Mango Blocks - 03.08 - LONG'!$E:$E,"<>OG",'Mango Blocks - 03.08 - LONG'!$E:$E,"<>-",'Mango Blocks - 03.08 - LONG'!$C:$C,$A64) -> 14 | S64: =IF(R64=0,"NA",COUNTIFS('Mango Blocks - 03.08 - LONG'!$E:$E,"H",'Mango Blocks - 03.08 - LONG'!$C:$C,$A64)) -> 0 | T64: =IF(R64=0,"NA",COUNTIFS('Mango Blocks - 03.08 - LONG'!$E:$E,T$2,'Mango Blocks - 03.08 - LONG'!$C:$C,$A64)/R64) -> 0 | U64: =IF(R64=0,"NA",COUNTIFS('Mango Blocks - 03.08 - LONG'!$E:$E,U$2,'Mango Blocks - 03.08 - LONG'!$C:$C,$A64)/R64) -> 0.92857143 | V64: =IF(R64=0,"NA",COUNTIFS('Mango Blocks - 03.08 - LONG'!$E:$E,V$2,'Mango Blocks - 03.08 - LONG'!$C:$C,$A64)/R64) -> 0.071428571 | W64: =IF(R64=0,"NA",COUNTIFS('Mango Blocks - 03.08 - LONG'!$E:$E,W$2,'Mango Blocks - 03.08 - LONG'!$C:$C,$A64)/R64) -> 0 | X64: =IF(R64=0,"NA",COUNTIFS('Mango Blocks - 03.08 - LONG'!$E:$E,X$2,'Mango Blocks - 03.08 - LONG'!$C:$C,$A64)/R64) -> 0 | Y64: =IF(S64="NA","NA",SUM(T64:X64)) -> 1 | Z64: - | AA64: - | AB64: - | AC64: - | AD64: - | AE64: - | AF64: - | AH64: -
A65: Block7_Q3 | B65: =COUNTIFS('Mango Blocks - 09.05 - LONG'!$E:$E,"<>NA",'Mango Blocks - 09.05 - LONG'!$E:$E,"<>OG",'Mango Blocks - 09.05 - LONG'!$E:$E,"<>-",'Mango Blocks - 09.05 - LONG'!$C:$C,$A65) -> 9 | C65: =IF($B65=0,"NA",COUNTIFS('Mango Blocks - 09.05 - LONG'!$E:$E,"H",'Mango Blocks - 09.05 - LONG'!$C:$C,$A65)) -> 7 | D65: =IF($B65=0,"NA",COUNTIFS('Mango Blocks - 09.05 - LONG'!$E:$E,"H",'Mango Blocks - 09.05 - LONG'!$C:$C,$A65)/B65) -> 0.77777778 | E65: =IF($B65=0,"NA",COUNTIFS('Mango Blocks - 09.05 - LONG'!$E:$E,"PBL",'Mango Blocks - 09.05 - LONG'!$C:$C,$A65)/B65) -> 0.22222222 | F65: =IF($B65=0,"NA",COUNTIFS('Mango Blocks - 09.05 - LONG'!$E:$E,"FBL",'Mango Blocks - 09.05 - LONG'!$C:$C,$A65)/B65) -> 0 | G65: =IF($B65=0,"NA",COUNTIFS('Mango Blocks - 09.05 - LONG'!$E:$E,"PRK",'Mango Blocks - 09.05 - LONG'!$C:$C,$A65)/B65) -> 0 | H65: =IF($B65=0,"NA",COUNTIFS('Mango Blocks - 09.05 - LONG'!$E:$E,"FRK",'Mango Blocks - 09.05 - LONG'!$C:$C,$A65)/B65) -> 0 | I65: =IF(C65="NA","NA",SUM(D65:H65)) -> 1 | J65: =COUNTIFS('Mango Blocks - 13.06 - LONG'!$E:$E,"<>NA",'Mango Blocks - 13.06 - LONG'!$E:$E,"<>OG",'Mango Blocks - 13.06 - LONG'!$E:$E,"<>-",'Mango Blocks - 13.06 - LONG'!$C:$C,$A65) -> 22 | K65: =IF(J65=0,"NA",COUNTIFS('Mango Blocks - 13.06 - LONG'!$E:$E,"H",'Mango Blocks - 13.06 - LONG'!$C:$C,$A65)) -> 9 | L65: =IF(J65=0,"NA",COUNTIFS('Mango Blocks - 13.06 - LONG'!$E:$E,"H",'Mango Blocks - 13.06 - LONG'!$C:$C,$A65)/J65) -> 0.40909091 | M65: =IF(J65=0,"NA",COUNTIFS('Mango Blocks - 13.06 - LONG'!$E:$E,"PBL",'Mango Blocks - 13.06 - LONG'!$C:$C,$A65)/J65) -> 0.54545455 | N65: =IF(J65=0,"NA",COUNTIFS('Mango Blocks - 13.06 - LONG'!$E:$E,"FBL",'Mango Blocks - 13.06 - LONG'!$C:$C,$A65)/J65) -> 0 | O65: =IF(J65=0,"NA",COUNTIFS('Mango Blocks - 13.06 - LONG'!$E:$E,"PRK",'Mango Blocks - 13.06 - LONG'!$C:$C,$A65)/J65) -> 0.045454545 | P65: =IF(J65=0,"NA",COUNTIFS('Mango Blocks - 13.06 - LONG'!$E:$E,"FRK",'Mango Blocks - 13.06 - LONG'!$C:$C,$A65)/J65) -> 0 | Q65: =IF(K65="NA","NA",SUM(L65:P65)) -> 1 | R65: =COUNTIFS('Mango Blocks - 03.08 - LONG'!$E:$E,"<>NA",'Mango Blocks - 03.08 - LONG'!$E:$E,"<>OG",'Mango Blocks - 03.08 - LONG'!$E:$E,"<>-",'Mango Blocks - 03.08 - LONG'!$C:$C,$A65) -> 24 | S65: =IF(R65=0,"NA",COUNTIFS('Mango Blocks - 03.08 - LONG'!$E:$E,"H",'Mango Blocks - 03.08 - LONG'!$C:$C,$A65)) -> 13 | T65: =IF(R65=0,"NA",COUNTIFS('Mango Blocks - 03.08 - LONG'!$E:$E,T$2,'Mango Blocks - 03.08 - LONG'!$C:$C,$A65)/R65) -> 0.54166667 | U65: =IF(R65=0,"NA",COUNTIFS('Mango Blocks - 03.08 - LONG'!$E:$E,U$2,'Mango Blocks - 03.08 - LONG'!$C:$C,$A65)/R65) -> 0 | V65: =IF(R65=0,"NA",COUNTIFS('Mango Blocks - 03.08 - LONG'!$E:$E,V$2,'Mango Blocks - 03.08 - LONG'!$C:$C,$A65)/R65) -> 0.29166667 | W65: =IF(R65=0,"NA",COUNTIFS('Mango Blocks - 03.08 - LONG'!$E:$E,W$2,'Mango Blocks - 03.08 - LONG'!$C:$C,$A65)/R65) -> 0.16666667 | X65: =IF(R65=0,"NA",COUNTIFS('Mango Blocks - 03.08 - LONG'!$E:$E,X$2,'Mango Blocks - 03.08 - LONG'!$C:$C,$A65)/R65) -> 0 | Y65: =IF(S65="NA","NA",SUM(T65:X65)) -> 1 | Z65: - | AA65: - | AB65: - | AC65: - | AD65: - | AE65: - | AF65: - | AH65: -
A66: Block7_Q4 | B66: =COUNTIFS('Mango Blocks - 09.05 - LONG'!$E:$E,"<>NA",'Mango Blocks - 09.05 - LONG'!$E:$E,"<>OG",'Mango Blocks - 09.05 - LONG'!$E:$E,"<>-",'Mango Blocks - 09.05 - LONG'!$C:$C,$A66) -> 9 | C66: =IF($B66=0,"NA",COUNTIFS('Mango Blocks - 09.05 - LONG'!$E:$E,"H",'Mango Blocks - 09.05 - LONG'!$C:$C,$A66)) -> 1 | D66: =IF($B66=0,"NA",COUNTIFS('Mango Blocks - 09.05 - LONG'!$E:$E,"H",'Mango Blocks - 09.05 - LONG'!$C:$C,$A66)/B66) -> 0.11111111 | E66: =IF($B66=0,"NA",COUNTIFS('Mango Blocks - 09.05 - LONG'!$E:$E,"PBL",'Mango Blocks - 09.05 - LONG'!$C:$C,$A66)/B66) -> 0.88888889 | F66: =IF($B66=0,"NA",COUNTIFS('Mango Blocks - 09.05 - LONG'!$E:$E,"FBL",'Mango Blocks - 09.05 - LONG'!$C:$C,$A66)/B66) -> 0 | G66: =IF($B66=0,"NA",COUNTIFS('Mango Blocks - 09.05 - LONG'!$E:$E,"PRK",'Mango Blocks - 09.05 - LONG'!$C:$C,$A66)/B66) -> 0 | H66: =IF($B66=0,"NA",COUNTIFS('Mango Blocks - 09.05 - LONG'!$E:$E,"FRK",'Mango Blocks - 09.05 - LONG'!$C:$C,$A66)/B66) -> 0 | I66: =IF(C66="NA","NA",SUM(D66:H66)) -> 1 | J66: =COUNTIFS('Mango Blocks - 13.06 - LONG'!$E:$E,"<>NA",'Mango Blocks - 13.06 - LONG'!$E:$E,"<>OG",'Mango Blocks - 13.06 - LONG'!$E:$E,"<>-",'Mango Blocks - 13.06 - LONG'!$C:$C,$A66) -> 21 | K66: =IF(J66=0,"NA",COUNTIFS('Mango Blocks - 13.06 - LONG'!$E:$E,"H",'Mango Blocks - 13.06 - LONG'!$C:$C,$A66)) -> 5 | L66: =IF(J66=0,"NA",COUNTIFS('Mango Blocks - 13.06 - LONG'!$E:$E,"H",'Mango Blocks - 13.06 - LONG'!$C:$C,$A66)/J66) -> 0.23809524 | M66: =IF(J66=0,"NA",COUNTIFS('Mango Blocks - 13.06 - LONG'!$E:$E,"PBL",'Mango Blocks - 13.06 - LONG'!$C:$C,$A66)/J66) -> 0.61904762 | N66: =IF(J66=0,"NA",COUNTIFS('Mango Blocks - 13.06 - LONG'!$E:$E,"FBL",'Mango Blocks - 13.06 - LONG'!$C:$C,$A66)/J66) -> 0.047619048 | O66: =IF(J66=0,"NA",COUNTIFS('Mango Blocks - 13.06 - LONG'!$E:$E,"PRK",'Mango Blocks - 13.06 - LONG'!$C:$C,$A66)/J66) -> 0.047619048 | P66: =IF(J66=0,"NA",COUNTIFS('Mango Blocks - 13.06 - LONG'!$E:$E,"FRK",'Mango Blocks - 13.06 - LONG'!$C:$C,$A66)/J66) -> 0.047619048 | Q66: =IF(K66="NA","NA",SUM(L66:P66)) -> 1 | R66: =COUNTIFS('Mango Blocks - 03.08 - LONG'!$E:$E,"<>NA",'Mango Blocks - 03.08 - LONG'!$E:$E,"<>OG",'Mango Blocks - 03.08 - LONG'!$E:$E,"<>-",'Mango Blocks - 03.08 - LONG'!$C:$C,$A66) -> 35 | S66: =IF(R66=0,"NA",COUNTIFS('Mango Blocks - 03.08 - LONG'!$E:$E,"H",'Mango Blocks - 03.08 - LONG'!$C:$C,$A66)) -> 0 | T66: =IF(R66=0,"NA",COUNTIFS('Mango Blocks - 03.08 - LONG'!$E:$E,T$2,'Mango Blocks - 03.08 - LONG'!$C:$C,$A66)/R66) -> 0 | U66: =IF(R66=0,"NA",COUNTIFS('Mango Blocks - 03.08 - LONG'!$E:$E,U$2,'Mango Blocks - 03.08 - LONG'!$C:$C,$A66)/R66) -> 0 | V66: =IF(R66=0,"NA",COUNTIFS('Mango Blocks - 03.08 - LONG'!$E:$E,V$2,'Mango Blocks - 03.08 - LONG'!$C:$C,$A66)/R66) -> 0.74285714 | W66: =IF(R66=0,"NA",COUNTIFS('Mango Blocks - 03.08 - LONG'!$E:$E,W$2,'Mango Blocks - 03.08 - LONG'!$C:$C,$A66)/R66) -> 0 | X66: =IF(R66=0,"NA",COUNTIFS('Mango Blocks - 03.08 - LONG'!$E:$E,X$2,'Mango Blocks - 03.08 - LONG'!$C:$C,$A66)/R66) -> 0.25714286 | Y66: =IF(S66="NA","NA",SUM(T66:X66)) -> 1 | Z66: - | AA66: - | AB66: - | AC66: - | AD66: - | AE66: - | AF66: - | AH66: -
... A102: Block10_Q10 | B102: =COUNTIFS('Mango Blocks - 09.05 - LONG'!$E:$E,"<>NA",'Mango Blocks - 09.05 - LONG'!$E:$E,"<>OG",'Mango Blocks - 09.05 - LONG'!$E:$E,"<>-",'Mango Blocks - 09.05 - LONG'!$C:$C,$A102) -> 5 | C102: =IF($B102=0,"NA",COUNTIFS('Mango Blocks - 09.05 - LONG'!$E:$E,"H",'Mango Blocks - 09.05 - LONG'!$C:$C,$A102)) -> 0 | D102: =IF($B102=0,"NA",COUNTIFS('Mango Blocks - 09.05 - LONG'!$E:$E,"H",'Mango Blocks - 09.05 - LONG'!$C:$C,$A102)/B102) -> 0 | E102: =IF($B102=0,"NA",COUNTIFS('Mango Blocks - 09.05 - LONG'!$E:$E,"PBL",'Mango Blocks - 09.05 - LONG'!$C:$C,$A102)/B102) -> 0.4 | F102: =IF($B102=0,"NA",COUNTIFS('Mango Blocks - 09.05 - LONG'!$E:$E,"FBL",'Mango Blocks - 09.05 - LONG'!$C:$C,$A102)/B102) -> 0.6 | G102: =IF($B102=0,"NA",COUNTIFS('Mango Blocks - 09.05 - LONG'!$E:$E,"PRK",'Mango Blocks - 09.05 - LONG'!$C:$C,$A102)/B102) -> 0 | H102: =IF($B102=0,"NA",COUNTIFS('Mango Blocks - 09.05 - LONG'!$E:$E,"FRK",'Mango Blocks - 09.05 - LONG'!$C:$C,$A102)/B102) -> 0 | I102: =IF(C102="NA","NA",SUM(D102:H102)) -> 1 | J102: =COUNTIFS('Mango Blocks - 13.06 - LONG'!$E:$E,"<>NA",'Mango Blocks - 13.06 - LONG'!$E:$E,"<>OG",'Mango Blocks - 13.06 - LONG'!$E:$E,"<>-",'Mango Blocks - 13.06 - LONG'!$C:$C,$A102) -> 3 | K102: =IF(J102=0,"NA",COUNTIFS('Mango Blocks - 13.06 - LONG'!$E:$E,"H",'Mango Blocks - 13.06 - LONG'!$C:$C,$A102)) -> 0 | L102: =IF(J102=0,"NA",COUNTIFS('Mango Blocks - 13.06 - LONG'!$E:$E,"H",'Mango Blocks - 13.06 - LONG'!$C:$C,$A102)/J102) -> 0 | M102: =IF(J102=0,"NA",COUNTIFS('Mango Blocks - 13.06 - LONG'!$E:$E,"PBL",'Mango Blocks - 13.06 - LONG'!$C:$C,$A102)/J102) -> 0.33333333 | N102: =IF(J102=0,"NA",COUNTIFS('Mango Blocks - 13.06 - LONG'!$E:$E,"FBL",'Mango Blocks - 13.06 - LONG'!$C:$C,$A102)/J102) -> 0.33333333 | O102: =IF(J102=0,"NA",COUNTIFS('Mango Blocks - 13.06 - LONG'!$E:$E,"PRK",'Mango Blocks - 13.06 - LONG'!$C:$C,$A102)/J102) -> 0.33333333 | P102: =IF(J102=0,"NA",COUNTIFS('Mango Blocks - 13.06 - LONG'!$E:$E,"FRK",'Mango Blocks - 13.06 - LONG'!$C:$C,$A102)/J102) -> 0 | Q102: =IF(K102="NA","NA",SUM(L102:P102)) -> 1 | R102: =COUNTIFS('Mango Blocks - 03.08 - LONG'!$E:$E,"<>NA",'Mango Blocks - 03.08 - LONG'!$E:$E,"<>OG",'Mango Blocks - 03.08 - LONG'!$E:$E,"<>-",'Mango Blocks - 03.08 - LONG'!$C:$C,$A102) -> 16 | S102: =IF(R102=0,"NA",COUNTIFS('Mango Blocks - 03.08 - LONG'!$E:$E,"H",'Mango Blocks - 03.08 - LONG'!$C:$C,$A102)) -> 10 | T102: =IF(R102=0,"NA",COUNTIFS('Mango Blocks - 03.08 - LONG'!$E:$E,T$2,'Mango Blocks - 03.08 - LONG'!$C:$C,$A102)/R102) -> 0.625 | U102: =IF(R102=0,"NA",COUNTIFS('Mango Blocks - 03.08 - LONG'!$E:$E,U$2,'Mango Blocks - 03.08 - LONG'!$C:$C,$A102)/R102) -> 0.375 | V102: =IF(R102=0,"NA",COUNTIFS('Mango Blocks - 03.08 - LONG'!$E:$E,V$2,'Mango Blocks - 03.08 - LONG'!$C:$C,$A102)/R102) -> 0 | W102: =IF(R102=0,"NA",COUNTIFS('Mango Blocks - 03.08 - LONG'!$E:$E,W$2,'Mango Blocks - 03.08 - LONG'!$C:$C,$A102)/R102) -> 0 | X102: =IF(R102=0,"NA",COUNTIFS('Mango Blocks - 03.08 - LONG'!$E:$E,X$2,'Mango Blocks - 03.08 - LONG'!$C:$C,$A102)/R102) -> 0 | Y102: =IF(S102="NA","NA",SUM(T102:X102)) -> 1 | Z102: - | AA102: - | AB102: - | AC102: - | AD102: - | AE102: - | AF102: - | AH102: -
A103: Avg. | B103: =AVERAGE(B3:B102) -> 5.6 | C103: =AVERAGE(C3:C102) -> 3.3103448 | D103: =AVERAGE(D3:D102) -> 0.32286562 | E103: =AVERAGE(E3:E102) -> 0.4647598 | F103: =AVERAGE(F3:F102) -> 0.11751754 | G103: =AVERAGE(G3:G102) -> 0.048056904 | H103: =AVERAGE(H3:H102) -> 0.046800141 | J103: =AVERAGE(J3:J102) -> 7.22 | K103: =AVERAGE(K3:K102) -> 2.952381 | L103: =AVERAGE(L3:L102) -> 0.17775851 | M103: =AVERAGE(M3:M102) -> 0.46779439 | N103: =AVERAGE(N3:N102) -> 0.27521546 | O103: =AVERAGE(O3:O102) -> 0.061941392 | P103: =AVERAGE(P3:P102) -> 0.017290249 | R103: =AVERAGE(R3:R102) -> 7.31 | S103: =AVERAGE(S3:S102) -> 5.7358491 | T103: =AVERAGE(T3:T102) -> 0.40801822 | U103: =AVERAGE(U3:U102) -> 0.29264758 | V103: =AVERAGE(V3:V102) -> 0.18311585 | W103: =AVERAGE(W3:W102) -> 0.049162645 | X103: =AVERAGE(X3:X102) -> 0.0670557 | Z103: =AVERAGE(Z3:Z102) -> 4.1568627 | AA103: =AVERAGE(AA3:AA102) -> 1.7 | AB103: =AVERAGE(AB3:AB102) -> 0.22223385 | AC103: =AVERAGE(AC3:AC102) -> 0.56107427 | AD103: =AVERAGE(AD3:AD102) -> 0.074683656 | AE103: =AVERAGE(AE3:AE102) -> 0.015454855 | AF103: =AVERAGE(AF3:AF102) -> 0.11092836 | AG103: =AVERAGE(AG3:AG102) -> 0.015625
A104: Std. Dev | D104: =STDEV(D3:D102) -> 0.38424223 | E104: =STDEV(E3:E102) -> 0.3841211 | F104: =STDEV(F3:F102) -> 0.25297132 | G104: =STDEV(G3:G102) -> 0.095745753 | H104: =STDEV(H3:H102) -> 0.14583842 | L104: =STDEV(L3:L102) -> 0.32352613 | M104: =STDEV(M3:M102) -> 0.42522524 | N104: =STDEV(N3:N102) -> 0.37879055 | O104: =STDEV(O3:O102) -> 0.14510347 | P104: =STDEV(P3:P102) -> 0.11193578 | T104: =STDEV(T3:T102) -> 0.40493237 | U104: =STDEV(U3:U102) -> 0.31763382 | V104: =STDEV(V3:V102) -> 0.30493679 | W104: =STDEV(W3:W102) -> 0.088327428 | X104: =STDEV(X3:X102) -> 0.18996656 | AB104: =STDEV(AB3:AB102) -> 0.40507151 | AC104: =STDEV(AC3:AC102) -> 0.43657656 | AD104: =STDEV(AD3:AD102) -> 0.13801207 | AE104: =STDEV(AE3:AE102) -> 0.034244112 | AF104: =STDEV(AF3:AF102) -> 0.2599969 | AG104: =STDEV(AG3:AG102) -> 0.069877124

Sheet AR Blocks Analysis - Genus-leve
B1: 09.05 | J1: 13.06 | R1: 03.08 | Z1: 27.08
A2: Genus | B2: Coral Count | C2: Healthy Count | D2: H | E2: PBL | F2: FBL | G2: PRK | H2: FRK | I2: TOTAL | J2: Coral Count | K2: Healthy Count | L2: H | M2: PBL | N2: FBL | O2: PRK | P2: FRK | Q2: TOTAL | R2: Coral Count | S2: Healthy Count | T2: H | U2: PBL | V2: FBL | W2: PRK | X2: FRK | Y2: TOTAL | Z2: Coral Count | AA2: Healthy Count | AB2: H | AC2: PBL | AD2: FBL | AE2: PRK | AF2: FRK | AG2: DIS | AH2: TOTAL
A3: ACAN | B3: =COUNTIFS('Mango Blocks - 09.05 - LONG'!$D:$D,$A3) -> 0 | C3: =IF($B3=0,"NA",COUNTIFS('Mango Blocks - 09.05 - LONG'!$E:$E,"H",'Mango Blocks - 09.05 - LONG'!$D:$D,$A3)) -> NA | D3: =IF($B3=0,"NA",COUNTIFS('Mango Blocks - 09.05 - LONG'!$E:$E,"H",'Mango Blocks - 09.05 - LONG'!$D:$D,$A3)/B3) -> NA | E3: =IF($B3=0,"NA",COUNTIFS('Mango Blocks - 09.05 - LONG'!$E:$E,"PBL",'Mango Blocks - 09.05 - LONG'!$D:$D,$A3)/B3) -> NA | F3: =IF($B3=0,"NA",COUNTIFS('Mango Blocks - 09.05 - LONG'!$E:$E,"FBL",'Mango Blocks - 09.05 - LONG'!$D:$D,$A3)/B3) -> NA | G3: =IF($B3=0,"NA",COUNTIFS('Mango Blocks - 09.05 - LONG'!$E:$E,"PRK",'Mango Blocks - 09.05 - LONG'!$D:$D,$A3)/B3) -> NA | H3: =IF($B3=0,"NA",COUNTIFS('Mango Blocks - 09.05 - LONG'!$E:$E,"FRK",'Mango Blocks - 09.05 - LONG'!$D:$D,$A3)/B3) -> NA | I3: =IF(C3="NA","NA",SUM(D3:H3)) -> NA | J3: =COUNTIFS('Mango Blocks - 13.06 - LONG'!$D:$D,$A3) -> 0 | K3: =IF(J3=0,"NA",COUNTIFS('Mango Blocks - 13.06 - LONG'!$E:$E,"H",'Mango Blocks - 13.06 - LONG'!$D:$D,$A3)) -> NA | L3: =IF(J3=0,"NA",COUNTIFS('Mango Blocks - 13.06 - LONG'!$E:$E,"H",'Mango Blocks - 13.06 - LONG'!$D:$D,$A3)/J3) -> NA | M3: =IF(J3=0,"NA",COUNTIFS('Mango Blocks - 13.06 - LONG'!$E:$E,"PBL",'Mango Blocks - 13.06 - LONG'!$D:$D,$A3)/J3) -> NA | N3: =IF(J3=0,"NA",COUNTIFS('Mango Blocks - 13.06 - LONG'!$E:$E,"FBL",'Mango Blocks - 13.06 - LONG'!$D:$D,$A3)/J3) -> NA | O3: =IF(J3=0,"NA",COUNTIFS('Mango Blocks - 13.06 - LONG'!$E:$E,"PRK",'Mango Blocks - 13.06 - LONG'!$D:$D,$A3)/J3) -> NA | P3: =IF(J3=0,"NA",COUNTIFS('Mango Blocks - 13.06 - LONG'!$E:$E,"FRK",'Mango Blocks - 13.06 - LONG'!$D:$D,$A3)/J3) -> NA | Q3: =IF(K3="NA","NA",SUM(L3:P3)) -> NA | R3: =COUNTIFS('Mango Blocks - 03.08 - LONG'!$D:$D,$A3) -> 0 | S3: =IF(R3=0,"NA",COUNTIFS('Mango Blocks - 03.08 - LONG'!$E:$E,"H",'Mango Blocks - 03.08 - LONG'!$D:$D,$A3)) -> NA | T3: =IF(R3=0,"NA",COUNTIFS('Mango Blocks - 03.08 - LONG'!$E:$E,"H",'Mango Blocks - 03.08 - LONG'!$D:$D,$A3)/R3) -> NA | U3: =IF(R3=0,"NA",COUNTIFS('Mango Blocks - 03.08 - LONG'!$E:$E,"PBL",'Mango Blocks - 03.08 - LONG'!$D:$D,$A3)/R3) -> NA | V3: =IF(R3=0,"NA",COUNTIFS('Mango Blocks - 03.08 - LONG'!$E:$E,"FBL",'Mango Blocks - 03.08 - LONG'!$D:$D,$A3)/R3) -> NA | W3: =IF(R3=0,"NA",COUNTIFS('Mango Blocks - 03.08 - LONG'!$E:$E,"PRK",'Mango Blocks - 03.08 - LONG'!$D:$D,$A3)/R3) -> NA | X3: =IF(R3=0,"NA",COUNTIFS('Mango Blocks - 03.08 - LONG'!$E:$E,"FRK",'Mango Blocks - 03.08 - LONG'!$D:$D,$A3)/R3) -> NA | Y3: =IF(S3="NA","NA",SUM(T3:X3)) -> NA | Z3: =COUNTIFS('Mango Blocks - 27.08 - LONG'!$D:$D,$A3) -> 0 | AA3: =IF(Z3=0,"NA",COUNTIFS('Mango Blocks - 27.08 - LONG'!$E:$E,"H",'Mango Blocks - 27.08 - LONG'!$D:$D,$A3)) -> NA | AB3: =IF(Z3=0,"NA",COUNTIFS('Mango Blocks - 27.08 - LONG'!$E:$E,"H",'Mango Blocks - 27.08 - LONG'!$D:$D,$A3)/Z3) -> NA | AC3: =IF(Z3=0,"NA",COUNTIFS('Mango Blocks - 27.08 - LONG'!$E:$E,"PBL",'Mango Blocks - 27.08 - LONG'!$D:$D,$A3)/Z3) -> NA | AD3: =IF(Z3=0,"NA",COUNTIFS('Mango Blocks - 27.08 - LONG'!$E:$E,"FBL",'Mango Blocks - 27.08 - LONG'!$D:$D,$A3)/Z3) -> NA | AE3: =IF(Z3=0,"NA",COUNTIFS('Mango Blocks - 27.08 - LONG'!$E:$E,"PRK",'Mango Blocks - 27.08 - LONG'!$D:$D,$A3)/Z3) -> NA | AF3: =IF(Z3=0,"NA",COUNTIFS('Mango Blocks - 27.08 - LONG'!$E:$E,"FRK",'Mango Blocks - 27.08 - LONG'!$D:$D,$A3)/Z3) -> NA | AG3: =IF(Z3=0,"NA",COUNTIFS('Mango Blocks - 27.08 - LONG'!$E:$E,"DIS",'Mango Blocks - 27.08 - LONG'!$D:$D,$A3)/Z3) -> NA | AH3: =IF(AA3="NA","NA",SUM(AB3:AG3)) -> NA
A4: ACRO | B4: =COUNTIFS('Mango Blocks - 09.05 - LONG'!$D:$D,$A4) -> 30 | C4: =IF($B4=0,"NA",COUNTIFS('Mango Blocks - 09.05 - LONG'!$E:$E,"H",'Mango Blocks - 09.05 - LONG'!$D:$D,$A4)) -> 15 | D4: =IF($B4=0,"NA",COUNTIFS('Mango Blocks - 09.05 - LONG'!$E:$E,"H",'Mango Blocks - 09.05 - LONG'!$D:$D,$A4)/B4) -> 0.5 | E4: =IF($B4=0,"NA",COUNTIFS('Mango Blocks - 09.05 - LONG'!$E:$E,"PBL",'Mango Blocks - 09.05 - LONG'!$D:$D,$A4)/B4) -> 0.5 | F4: =IF($B4=0,"NA",COUNTIFS('Mango Blocks - 09.05 - LONG'!$E:$E,"FBL",'Mango Blocks - 09.05 - LONG'!$D:$D,$A4)/B4) -> 0 | G4: =IF($B4=0,"NA",COUNTIFS('Mango Blocks - 09.05 - LONG'!$E:$E,"PRK",'Mango Blocks - 09.05 - LONG'!$D:$D,$A4)/B4) -> 0 | H4: =IF($B4=0,"NA",COUNTIFS('Mango Blocks - 09.05 - LONG'!$E:$E,"FRK",'Mango Blocks - 09.05 - LONG'!$D:$D,$A4)/B4) -> 0 | I4: =IF(C4="NA","NA",SUM(D4:H4)) -> 1 | J4: =COUNTIFS('Mango Blocks - 13.06 - LONG'!$D:$D,$A4) -> 36 | K4: =IF(J4=0,"NA",COUNTIFS('Mango Blocks - 13.06 - LONG'!$E:$E,"H",'Mango Blocks - 13.06 - LONG'!$D:$D,$A4)) -> 6 | L4: =IF(J4=0,"NA",COUNTIFS('Mango Blocks - 13.06 - LONG'!$E:$E,"H",'Mango Blocks - 13.06 - LONG'!$D:$D,$A4)/J4) -> 0.16666667 | M4: =IF(J4=0,"NA",COUNTIFS('Mango Blocks - 13.06 - LONG'!$E:$E,"PBL",'Mango Blocks - 13.06 - LONG'!$D:$D,$A4)/J4) -> 0.66666667 | N4: =IF(J4=0,"NA",COUNTIFS('Mango Blocks - 13.06 - LONG'!$E:$E,"FBL",'Mango Blocks - 13.06 - LONG'!$D:$D,$A4)/J4) -> 0.16666667 | O4: =IF(J4=0,"NA",COUNTIFS('Mango Blocks - 13.06 - LONG'!$E:$E,"PRK",'Mango Blocks - 13.06 - LONG'!$D:$D,$A4)/J4) -> 0 | P4: =IF(J4=0,"NA",COUNTIFS('Mango Blocks - 13.06 - LONG'!$E:$E,"FRK",'Mango Blocks - 13.06 - LONG'!$D:$D,$A4)/J4) -> 0 | Q4: =IF(K4="NA","NA",SUM(L4:P4)) -> 1 | R4: =COUNTIFS('Mango Blocks - 03.08 - LONG'!$D:$D,$A4) -> 36 | S4: =IF(R4=0,"NA",COUNTIFS('Mango Blocks - 03.08 - LONG'!$E:$E,"H",'Mango Blocks - 03.08 - LONG'!$D:$D,$A4)) -> 7 | T4: =IF(R4=0,"NA",COUNTIFS('Mango Blocks - 03.08 - LONG'!$E:$E,"H",'Mango Blocks - 03.08 - LONG'!$D:$D,$A4)/R4) -> 0.19444444 | U4: =IF(R4=0,"NA",COUNTIFS('Mango Blocks - 03.08 - LONG'!$E:$E,"PBL",'Mango Blocks - 03.08 - LONG'!$D:$D,$A4)/R4) -> 0.80555556 | V4: =IF(R4=0,"NA",COUNTIFS('Mango Blocks - 03.08 - LONG'!$E:$E,"FBL",'Mango Blocks - 03.08 - LONG'!$D:$D,$A4)/R4) -> 0 | W4: =IF(R4=0,"NA",COUNTIFS('Mango Blocks - 03.08 - LONG'!$E:$E,"PRK",'Mango Blocks - 03.08 - LONG'!$D:$D,$A4)/R4) -> 0 | X4: =IF(R4=0,"NA",COUNTIFS('Mango Blocks - 03.08 - LONG'!$E:$E,"FRK",'Mango Blocks - 03.08 - LONG'!$D:$D,$A4)/R4) -> 0 | Y4: =IF(S4="NA","NA",SUM(T4:X4)) -> 1 | Z4: =COUNTIFS('Mango Blocks - 27.08 - LONG'!$D:$D,$A4) -> 2 | AA4: =IF(Z4=0,"NA",COUNTIFS('Mango Blocks - 27.08 - LONG'!$E:$E,"H",'Mango Blocks - 27.08 - LONG'!$D:$D,$A4)) -> 0 | AB4: =IF(Z4=0,"NA",COUNTIFS('Mango Blocks - 27.08 - LONG'!$E:$E,"H",'Mango Blocks - 27.08 - LONG'!$D:$D,$A4)/Z4) -> 0 | AC4: =IF(Z4=0,"NA",COUNTIFS('Mango Blocks - 27.08 - LONG'!$E:$E,"PBL",'Mango Blocks - 27.08 - LONG'!$D:$D,$A4)/Z4) -> 1 | AD4: =IF(Z4=0,"NA",COUNTIFS('Mango Blocks - 27.08 - LONG'!$E:$E,"FBL",'Mango Blocks - 27.08 - LONG'!$D:$D,$A4)/Z4) -> 0 | AE4: =IF(Z4=0,"NA",COUNTIFS('Mango Blocks - 27.08 - LONG'!$E:$E,"PRK",'Mango Blocks - 27.08 - LONG'!$D:$D,$A4)/Z4) -> 0 | AF4: =IF(Z4=0,"NA",COUNTIFS('Mango Blocks - 27.08 - LONG'!$E:$E,"FRK",'Mango Blocks - 27.08 - LONG'!$D:$D,$A4)/Z4) -> 0 | AG4: =IF(Z4=0,"NA",COUNTIFS('Mango Blocks - 27.08 - LONG'!$E:$E,"DIS",'Mango Blocks - 27.08 - LONG'!$D:$D,$A4)/Z4) -> 0 | AH4: =IF(AA4="NA","NA",SUM(AB4:AG4)) -> 1
A5: ASTREA | B5: =COUNTIFS('Mango Blocks - 09.05 - LONG'!$D:$D,$A5) -> 0 | C5: =IF($B5=0,"NA",COUNTIFS('Mango Blocks - 09.05 - LONG'!$E:$E,"H",'Mango Blocks - 09.05 - LONG'!$D:$D,$A5)) -> NA | D5: =IF($B5=0,"NA",COUNTIFS('Mango Blocks - 09.05 - LONG'!$E:$E,"H",'Mango Blocks - 09.05 - LONG'!$D:$D,$A5)/B5) -> NA | E5: =IF($B5=0,"NA",COUNTIFS('Mango Blocks - 09.05 - LONG'!$E:$E,"PBL",'Mango Blocks - 09.05 - LONG'!$D:$D,$A5)/B5) -> NA | F5: =IF($B5=0,"NA",COUNTIFS('Mango Blocks - 09.05 - LONG'!$E:$E,"FBL",'Mango Blocks - 09.05 - LONG'!$D:$D,$A5)/B5) -> NA | G5: =IF($B5=0,"NA",COUNTIFS('Mango Blocks - 09.05 - LONG'!$E:$E,"PRK",'Mango Blocks - 09.05 - LONG'!$D:$D,$A5)/B5) -> NA | H5: =IF($B5=0,"NA",COUNTIFS('Mango Blocks - 09.05 - LONG'!$E:$E,"FRK",'Mango Blocks - 09.05 - LONG'!$D:$D,$A5)/B5) -> NA | I5: =IF(C5="NA","NA",SUM(D5:H5)) -> NA | J5: =COUNTIFS('Mango Blocks - 13.06 - LONG'!$D:$D,$A5) -> 0 | K5: =IF(J5=0,"NA",COUNTIFS('Mango Blocks - 13.06 - LONG'!$E:$E,"H",'Mango Blocks - 13.06 - LONG'!$D:$D,$A5)) -> NA | L5: =IF(J5=0,"NA",COUNTIFS('Mango Blocks - 13.06 - LONG'!$E:$E,"H",'Mango Blocks - 13.06 - LONG'!$D:$D,$A5)/J5) -> NA | M5: =IF(J5=0,"NA",COUNTIFS('Mango Blocks - 13.06 - LONG'!$E:$E,"PBL",'Mango Blocks - 13.06 - LONG'!$D:$D,$A5)/J5) -> NA | N5: =IF(J5=0,"NA",COUNTIFS('Mango Blocks - 13.06 - LONG'!$E:$E,"FBL",'Mango Blocks - 13.06 - LONG'!$D:$D,$A5)/J5) -> NA | O5: =IF(J5=0,"NA",COUNTIFS('Mango Blocks - 13.06 - LONG'!$E:$E,"PRK",'Mango Blocks - 13.06 - LONG'!$D:$D,$A5)/J5) -> NA | P5: =IF(J5=0,"NA",COUNTIFS('Mango Blocks - 13.06 - LONG'!$E:$E,"FRK",'Mango Blocks - 13.06 - LONG'!$D:$D,$A5)/J5) -> NA | Q5: =IF(K5="NA","NA",SUM(L5:P5)) -> NA | R5: =COUNTIFS('Mango Blocks - 03.08 - LONG'!$D:$D,$A5) -> 0 | S5: =IF(R5=0,"NA",COUNTIFS('Mango Blocks - 03.08 - LONG'!$E:$E,"H",'Mango Blocks - 03.08 - LONG'!$D:$D,$A5)) -> NA | T5: =IF(R5=0,"NA",COUNTIFS('Mango Blocks - 03.08 - LONG'!$E:$E,"H",'Mango Blocks - 03.08 - LONG'!$D:$D,$A5)/R5) -> NA | U5: =IF(R5=0,"NA",COUNTIFS('Mango Blocks - 03.08 - LONG'!$E:$E,"PBL",'Mango Blocks - 03.08 - LONG'!$D:$D,$A5)/R5) -> NA | V5: =IF(R5=0,"NA",COUNTIFS('Mango Blocks - 03.08 - LONG'!$E:$E,"FBL",'Mango Blocks - 03.08 - LONG'!$D:$D,$A5)/R5) -> NA | W5: =IF(R5=0,"NA",COUNTIFS('Mango Blocks - 03.08 - LONG'!$E:$E,"PRK",'Mango Blocks - 03.08 - LONG'!$D:$D,$A5)/R5) -> NA | X5: =IF(R5=0,"NA",COUNTIFS('Mango Blocks - 03.08 - LONG'!$E:$E,"FRK",'Mango Blocks - 03.08 - LONG'!$D:$D,$A5)/R5) -> NA | Y5: =IF(S5="NA","NA",SUM(T5:X5)) -> NA | Z5: =COUNTIFS('Mango Blocks - 27.08 - LONG'!$D:$D,$A5) -> 0 | AA5: =IF(Z5=0,"NA",COUNTIFS('Mango Blocks - 27.08 - LONG'!$E:$E,"H",'Mango Blocks - 27.08 - LONG'!$D:$D,$A5)) -> NA | AB5: =IF(Z5=0,"NA",COUNTIFS('Mango Blocks - 27.08 - LONG'!$E:$E,"H",'Mango Blocks - 27.08 - LONG'!$D:$D,$A5)/Z5) -> NA | AC5: =IF(Z5=0,"NA",COUNTIFS('Mango Blocks - 27.08 - LONG'!$E:$E,"PBL",'Mango Blocks - 27.08 - LONG'!$D:$D,$A5)/Z5) -> NA | AD5: =IF(Z5=0,"NA",COUNTIFS('Mango Blocks - 27.08 - LONG'!$E:$E,"FBL",'Mango Blocks - 27.08 - LONG'!$D:$D,$A5)/Z5) -> NA | AE5: =IF(Z5=0,"NA",COUNTIFS('Mango Blocks - 27.08 - LONG'!$E:$E,"PRK",'Mango Blocks - 27.08 - LONG'!$D:$D,$A5)/Z5) -> NA | AF5: =IF(Z5=0,"NA",COUNTIFS('Mango Blocks - 27.08 - LONG'!$E:$E,"FRK",'Mango Blocks - 27.08 - LONG'!$D:$D,$A5)/Z5) -> NA | AG5: =IF(Z5=0,"NA",COUNTIFS('Mango Blocks - 27.08 - LONG'!$E:$E,"DIS",'Mango Blocks - 27.08 - LONG'!$D:$D,$A5)/Z5) -> NA | AH5: =IF(AA5="NA","NA",SUM(AB5:AG5)) -> NA
A6: ASTREO | B6: =COUNTIFS('Mango Blocks - 09.05 - LONG'!$D:$D,$A6) -> 0 | C6: =IF($B6=0,"NA",COUNTIFS('Mango Blocks - 09.05 - LONG'!$E:$E,"H",'Mango Blocks - 09.05 - LONG'!$D:$D,$A6)) -> NA | D6: =IF($B6=0,"NA",COUNTIFS('Mango Blocks - 09.05 - LONG'!$E:$E,"H",'Mango Blocks - 09.05 - LONG'!$D:$D,$A6)/B6) -> NA | E6: =IF($B6=0,"NA",COUNTIFS('Mango Blocks - 09.05 - LONG'!$E:$E,"PBL",'Mango Blocks - 09.05 - LONG'!$D:$D,$A6)/B6) -> NA | F6: =IF($B6=0,"NA",COUNTIFS('Mango Blocks - 09.05 - LONG'!$E:$E,"FBL",'Mango Blocks - 09.05 - LONG'!$D:$D,$A6)/B6) -> NA | G6: =IF($B6=0,"NA",COUNTIFS('Mango Blocks - 09.05 - LONG'!$E:$E,"PRK",'Mango Blocks - 09.05 - LONG'!$D:$D,$A6)/B6) -> NA | H6: =IF($B6=0,"NA",COUNTIFS('Mango Blocks - 09.05 - LONG'!$E:$E,"FRK",'Mango Blocks - 09.05 - LONG'!$D:$D,$A6)/B6) -> NA | I6: =IF(C6="NA","NA",SUM(D6:H6)) -> NA | J6: =COUNTIFS('Mango Blocks - 13.06 - LONG'!$D:$D,$A6) -> 0 | K6: =IF(J6=0,"NA",COUNTIFS('Mango Blocks - 13.06 - LONG'!$E:$E,"H",'Mango Blocks - 13.06 - LONG'!$D:$D,$A6)) -> NA | L6: =IF(J6=0,"NA",COUNTIFS('Mango Blocks - 13.06 - LONG'!$E:$E,"H",'Mango Blocks - 13.06 - LONG'!$D:$D,$A6)/J6) -> NA | M6: =IF(J6=0,"NA",COUNTIFS('Mango Blocks - 13.06 - LONG'!$E:$E,"PBL",'Mango Blocks - 13.06 - LONG'!$D:$D,$A6)/J6) -> NA | N6: =IF(J6=0,"NA",COUNTIFS('Mango Blocks - 13.06 - LONG'!$E:$E,"FBL",'Mango Blocks - 13.06 - LONG'!$D:$D,$A6)/J6) -> NA | O6: =IF(J6=0,"NA",COUNTIFS('Mango Blocks - 13.06 - LONG'!$E:$E,"PRK",'Mango Blocks - 13.06 - LONG'!$D:$D,$A6)/J6) -> NA | P6: =IF(J6=0,"NA",COUNTIFS('Mango Blocks - 13.06 - LONG'!$E:$E,"FRK",'Mango Blocks - 13.06 - LONG'!$D:$D,$A6)/J6) -> NA | Q6: =IF(K6="NA","NA",SUM(L6:P6)) -> NA | R6: =COUNTIFS('Mango Blocks - 03.08 - LONG'!$D:$D,$A6) -> 0 | S6: =IF(R6=0,"NA",COUNTIFS('Mango Blocks - 03.08 - LONG'!$E:$E,"H",'Mango Blocks - 03.08 - LONG'!$D:$D,$A6)) -> NA | T6: =IF(R6=0,"NA",COUNTIFS('Mango Blocks - 03.08 - LONG'!$E:$E,"H",'Mango Blocks - 03.08 - LONG'!$D:$D,$A6)/R6) -> NA | U6: =IF(R6=0,"NA",COUNTIFS('Mango Blocks - 03.08 - LONG'!$E:$E,"PBL",'Mango Blocks - 03.08 - LONG'!$D:$D,$A6)/R6) -> NA | V6: =IF(R6=0,"NA",COUNTIFS('Mango Blocks - 03.08 - LONG'!$E:$E,"FBL",'Mango Blocks - 03.08 - LONG'!$D:$D,$A6)/R6) -> NA | W6: =IF(R6=0,"NA",COUNTIFS('Mango Blocks - 03.08 - LONG'!$E:$E,"PRK",'Mango Blocks - 03.08 - LONG'!$D:$D,$A6)/R6) -> NA | X6: =IF(R6=0,"NA",COUNTIFS('Mango Blocks - 03.08 - LONG'!$E:$E,"FRK",'Mango Blocks - 03.08 - LONG'!$D:$D,$A6)/R6) -> NA | Y6: =IF(S6="NA","NA",SUM(T6:X6)) -> NA | Z6: =COUNTIFS('Mango Blocks - 27.08 - LONG'!$D:$D,$A6) -> 0 | AA6: =IF(Z6=0,"NA",COUNTIFS('Mango Blocks - 27.08 - LONG'!$E:$E,"H",'Mango Blocks - 27.08 - LONG'!$D:$D,$A6)) -> NA | AB6: =IF(Z6=0,"NA",COUNTIFS('Mango Blocks - 27.08 - LONG'!$E:$E,"H",'Mango Blocks - 27.08 - LONG'!$D:$D,$A6)/Z6) -> NA | AC6: =IF(Z6=0,"NA",COUNTIFS('Mango Blocks - 27.08 - LONG'!$E:$E,"PBL",'Mango Blocks - 27.08 - LONG'!$D:$D,$A6)/Z6) -> NA | AD6: =IF(Z6=0,"NA",COUNTIFS('Mango Blocks - 27.08 - LONG'!$E:$E,"FBL",'Mango Blocks - 27.08 - LONG'!$D:$D,$A6)/Z6) -> NA | AE6: =IF(Z6=0,"NA",COUNTIFS('Mango Blocks - 27.08 - LONG'!$E:$E,"PRK",'Mango Blocks - 27.08 - LONG'!$D:$D,$A6)/Z6) -> NA | AF6: =IF(Z6=0,"NA",COUNTIFS('Mango Blocks - 27.08 - LONG'!$E:$E,"FRK",'Mango Blocks - 27.08 - LONG'!$D:$D,$A6)/Z6) -> NA | AG6: =IF(Z6=0,"NA",COUNTIFS('Mango Blocks - 27.08 - LONG'!$E:$E,"DIS",'Mango Blocks - 27.08 - LONG'!$D:$D,$A6)/Z6) -> NA | AH6: =IF(AA6="NA","NA",SUM(AB6:AG6)) -> NA
A7: BERN | B7: =COUNTIFS('Mango Blocks - 09.05 - LONG'!$D:$D,$A7) -> 0 | C7: =IF($B7=0,"NA",COUNTIFS('Mango Blocks - 09.05 - LONG'!$E:$E,"H",'Mango Blocks - 09.05 - LONG'!$D:$D,$A7)) -> NA | D7: =IF($B7=0,"NA",COUNTIFS('Mango Blocks - 09.05 - LONG'!$E:$E,"H",'Mango Blocks - 09.05 - LONG'!$D:$D,$A7)/B7) -> NA | E7: =IF($B7=0,"NA",COUNTIFS('Mango Blocks - 09.05 - LONG'!$E:$E,"PBL",'Mango Blocks - 09.05 - LONG'!$D:$D,$A7)/B7) -> NA | F7: =IF($B7=0,"NA",COUNTIFS('Mango Blocks - 09.05 - LONG'!$E:$E,"FBL",'Mango Blocks - 09.05 - LONG'!$D:$D,$A7)/B7) -> NA | G7: =IF($B7=0,"NA",COUNTIFS('Mango Blocks - 09.05 - LONG'!$E:$E,"PRK",'Mango Blocks - 09.05 - LONG'!$D:$D,$A7)/B7) -> NA | H7: =IF($B7=0,"NA",COUNTIFS('Mango Blocks - 09.05 - LONG'!$E:$E,"FRK",'Mango Blocks - 09.05 - LONG'!$D:$D,$A7)/B7) -> NA | I7: =IF(C7="NA","NA",SUM(D7:H7)) -> NA | J7: =COUNTIFS('Mango Blocks - 13.06 - LONG'!$D:$D,$A7) -> 0 | K7: =IF(J7=0,"NA",COUNTIFS('Mango Blocks - 13.06 - LONG'!$E:$E,"H",'Mango Blocks - 13.06 - LONG'!$D:$D,$A7)) -> NA | L7: =IF(J7=0,"NA",COUNTIFS('Mango Blocks - 13.06 - LONG'!$E:$E,"H",'Mango Blocks - 13.06 - LONG'!$D:$D,$A7)/J7) -> NA | M7: =IF(J7=0,"NA",COUNTIFS('Mango Blocks - 13.06 - LONG'!$E:$E,"PBL",'Mango Blocks - 13.06 - LONG'!$D:$D,$A7)/J7) -> NA | N7: =IF(J7=0,"NA",COUNTIFS('Mango Blocks - 13.06 - LONG'!$E:$E,"FBL",'Mango Blocks - 13.06 - LONG'!$D:$D,$A7)/J7) -> NA | O7: =IF(J7=0,"NA",COUNTIFS('Mango Blocks - 13.06 - LONG'!$E:$E,"PRK",'Mango Blocks - 13.06 - LONG'!$D:$D,$A7)/J7) -> NA | P7: =IF(J7=0,"NA",COUNTIFS('Mango Blocks - 13.06 - LONG'!$E:$E,"FRK",'Mango Blocks - 13.06 - LONG'!$D:$D,$A7)/J7) -> NA | Q7: =IF(K7="NA","NA",SUM(L7:P7)) -> NA | R7: =COUNTIFS('Mango Blocks - 03.08 - LONG'!$D:$D,$A7) -> 0 | S7: =IF(R7=0,"NA",COUNTIFS('Mango Blocks - 03.08 - LONG'!$E:$E,"H",'Mango Blocks - 03.08 - LONG'!$D:$D,$A7)) -> NA | T7: =IF(R7=0,"NA",COUNTIFS('Mango Blocks - 03.08 - LONG'!$E:$E,"H",'Mango Blocks - 03.08 - LONG'!$D:$D,$A7)/R7) -> NA | U7: =IF(R7=0,"NA",COUNTIFS('Mango Blocks - 03.08 - LONG'!$E:$E,"PBL",'Mango Blocks - 03.08 - LONG'!$D:$D,$A7)/R7) -> NA | V7: =IF(R7=0,"NA",COUNTIFS('Mango Blocks - 03.08 - LONG'!$E:$E,"FBL",'Mango Blocks - 03.08 - LONG'!$D:$D,$A7)/R7) -> NA | W7: =IF(R7=0,"NA",COUNTIFS('Mango Blocks - 03.08 - LONG'!$E:$E,"PRK",'Mango Blocks - 03.08 - LONG'!$D:$D,$A7)/R7) -> NA | X7: =IF(R7=0,"NA",COUNTIFS('Mango Blocks - 03.08 - LONG'!$E:$E,"FRK",'Mango Blocks - 03.08 - LONG'!$D:$D,$A7)/R7) -> NA | Y7: =IF(S7="NA","NA",SUM(T7:X7)) -> NA | Z7: =COUNTIFS('Mango Blocks - 27.08 - LONG'!$D:$D,$A7) -> 0 | AA7: =IF(Z7=0,"NA",COUNTIFS('Mango Blocks - 27.08 - LONG'!$E:$E,"H",'Mango Blocks - 27.08 - LONG'!$D:$D,$A7)) -> NA | AB7: =IF(Z7=0,"NA",COUNTIFS('Mango Blocks - 27.08 - LONG'!$E:$E,"H",'Mango Blocks - 27.08 - LONG'!$D:$D,$A7)/Z7) -> NA | AC7: =IF(Z7=0,"NA",COUNTIFS('Mango Blocks - 27.08 - LONG'!$E:$E,"PBL",'Mango Blocks - 27.08 - LONG'!$D:$D,$A7)/Z7) -> NA | AD7: =IF(Z7=0,"NA",COUNTIFS('Mango Blocks - 27.08 - LONG'!$E:$E,"FBL",'Mango Blocks - 27.08 - LONG'!$D:$D,$A7)/Z7) -> NA | AE7: =IF(Z7=0,"NA",COUNTIFS('Mango Blocks - 27.08 - LONG'!$E:$E,"PRK",'Mango Blocks - 27.08 - LONG'!$D:$D,$A7)/Z7) -> NA | AF7: =IF(Z7=0,"NA",COUNTIFS('Mango Blocks - 27.08 - LONG'!$E:$E,"FRK",'Mango Blocks - 27.08 - LONG'!$D:$D,$A7)/Z7) -> NA | AG7: =IF(Z7=0,"NA",COUNTIFS('Mango Blocks - 27.08 - LONG'!$E:$E,"DIS",'Mango Blocks - 27.08 - LONG'!$D:$D,$A7)/Z7) -> NA | AH7: =IF(AA7="NA","NA",SUM(AB7:AG7)) -> NA
A8: COELA | B8: =COUNTIFS('Mango Blocks - 09.05 - LONG'!$D:$D,$A8) -> 0 | C8: =IF($B8=0,"NA",COUNTIFS('Mango Blocks - 09.05 - LONG'!$E:$E,"H",'Mango Blocks - 09.05 - LONG'!$D:$D,$A8)) -> NA | D8: =IF($B8=0,"NA",COUNTIFS('Mango Blocks - 09.05 - LONG'!$E:$E,"H",'Mango Blocks - 09.05 - LONG'!$D:$D,$A8)/B8) -> NA | E8: =IF($B8=0,"NA",COUNTIFS('Mango Blocks - 09.05 - LONG'!$E:$E,"PBL",'Mango Blocks - 09.05 - LONG'!$D:$D,$A8)/B8) -> NA | F8: =IF($B8=0,"NA",COUNTIFS('Mango Blocks - 09.05 - LONG'!$E:$E,"FBL",'Mango Blocks - 09.05 - LONG'!$D:$D,$A8)/B8) -> NA | G8: =IF($B8=0,"NA",COUNTIFS('Mango Blocks - 09.05 - LONG'!$E:$E,"PRK",'Mango Blocks - 09.05 - LONG'!$D:$D,$A8)/B8) -> NA | H8: =IF($B8=0,"NA",COUNTIFS('Mango Blocks - 09.05 - LONG'!$E:$E,"FRK",'Mango Blocks - 09.05 - LONG'!$D:$D,$A8)/B8) -> NA | I8: =IF(C8="NA","NA",SUM(D8:H8)) -> NA | J8: =COUNTIFS('Mango Blocks - 13.06 - LONG'!$D:$D,$A8) -> 0 | K8: =IF(J8=0,"NA",COUNTIFS('Mango Blocks - 13.06 - LONG'!$E:$E,"H",'Mango Blocks - 13.06 - LONG'!$D:$D,$A8)) -> NA | L8: =IF(J8=0,"NA",COUNTIFS('Mango Blocks - 13.06 - LONG'!$E:$E,"H",'Mango Blocks - 13.06 - LONG'!$D:$D,$A8)/J8) -> NA | M8: =IF(J8=0,"NA",COUNTIFS('Mango Blocks - 13.06 - LONG'!$E:$E,"PBL",'Mango Blocks - 13.06 - LONG'!$D:$D,$A8)/J8) -> NA | N8: =IF(J8=0,"NA",COUNTIFS('Mango Blocks - 13.06 - LONG'!$E:$E,"FBL",'Mango Blocks - 13.06 - LONG'!$D:$D,$A8)/J8) -> NA | O8: =IF(J8=0,"NA",COUNTIFS('Mango Blocks - 13.06 - LONG'!$E:$E,"PRK",'Mango Blocks - 13.06 - LONG'!$D:$D,$A8)/J8) -> NA | P8: =IF(J8=0,"NA",COUNTIFS('Mango Blocks - 13.06 - LONG'!$E:$E,"FRK",'Mango Blocks - 13.06 - LONG'!$D:$D,$A8)/J8) -> NA | Q8: =IF(K8="NA","NA",SUM(L8:P8)) -> NA | R8: =COUNTIFS('Mango Blocks - 03.08 - LONG'!$D:$D,$A8) -> 0 | S8: =IF(R8=0,"NA",COUNTIFS('Mango Blocks - 03.08 - LONG'!$E:$E,"H",'Mango Blocks - 03.08 - LONG'!$D:$D,$A8)) -> NA | T8: =IF(R8=0,"NA",COUNTIFS('Mango Blocks - 03.08 - LONG'!$E:$E,"H",'Mango Blocks - 03.08 - LONG'!$D:$D,$A8)/R8) -> NA | U8: =IF(R8=0,"NA",COUNTIFS('Mango Blocks - 03.08 - LONG'!$E:$E,"PBL",'Mango Blocks - 03.08 - LONG'!$D:$D,$A8)/R8) -> NA | V8: =IF(R8=0,"NA",COUNTIFS('Mango Blocks - 03.08 - LONG'!$E:$E,"FBL",'Mango Blocks - 03.08 - LONG'!$D:$D,$A8)/R8) -> NA | W8: =IF(R8=0,"NA",COUNTIFS('Mango Blocks - 03.08 - LONG'!$E:$E,"PRK",'Mango Blocks - 03.08 - LONG'!$D:$D,$A8)/R8) -> NA | X8: =IF(R8=0,"NA",COUNTIFS('Mango Blocks - 03.08 - LONG'!$E:$E,"FRK",'Mango Blocks - 03.08 - LONG'!$D:$D,$A8)/R8) -> NA | Y8: =IF(S8="NA","NA",SUM(T8:X8)) -> NA | Z8: =COUNTIFS('Mango Blocks - 27.08 - LONG'!$D:$D,$A8) -> 0 | AA8: =IF(Z8=0,"NA",COUNTIFS('Mango Blocks - 27.08 - LONG'!$E:$E,"H",'Mango Blocks - 27.08 - LONG'!$D:$D,$A8)) -> NA | AB8: =IF(Z8=0,"NA",COUNTIFS('Mango Blocks - 27.08 - LONG'!$E:$E,"H",'Mango Blocks - 27.08 - LONG'!$D:$D,$A8)/Z8) -> NA | AC8: =IF(Z8=0,"NA",COUNTIFS('Mango Blocks - 27.08 - LONG'!$E:$E,"PBL",'Mango Blocks - 27.08 - LONG'!$D:$D,$A8)/Z8) -> NA | AD8: =IF(Z8=0,"NA",COUNTIFS('Mango Blocks - 27.08 - LONG'!$E:$E,"FBL",'Mango Blocks - 27.08 - LONG'!$D:$D,$A8)/Z8) -> NA | AE8: =IF(Z8=0,"NA",COUNTIFS('Mango Blocks - 27.08 - LONG'!$E:$E,"PRK",'Mango Blocks - 27.08 - LONG'!$D:$D,$A8)/Z8) -> NA | AF8: =IF(Z8=0,"NA",COUNTIFS('Mango Blocks - 27.08 - LONG'!$E:$E,"FRK",'Mango Blocks - 27.08 - LONG'!$D:$D,$A8)/Z8) -> NA | AG8: =IF(Z8=0,"NA",COUNTIFS('Mango Blocks - 27.08 - LONG'!$E:$E,"DIS",'Mango Blocks - 27.08 - LONG'!$D:$D,$A8)/Z8) -> NA | AH8: =IF(AA8="NA","NA",SUM(AB8:AG8)) -> NA
A9: COELO | B9: =COUNTIFS('Mango Blocks - 09.05 - LONG'!$D:$D,$A9) -> 0 | C9: =IF($B9=0,"NA",COUNTIFS('Mango Blocks - 09.05 - LONG'!$E:$E,"H",'Mango Blocks - 09.05 - LONG'!$D:$D,$A9)) -> NA | D9: =IF($B9=0,"NA",COUNTIFS('Mango Blocks - 09.05 - LONG'!$E:$E,"H",'Mango Blocks - 09.05 - LONG'!$D:$D,$A9)/B9) -> NA | E9: =IF($B9=0,"NA",COUNTIFS('Mango Blocks - 09.05 - LONG'!$E:$E,"PBL",'Mango Blocks - 09.05 - LONG'!$D:$D,$A9)/B9) -> NA | F9: =IF($B9=0,"NA",COUNTIFS('Mango Blocks - 09.05 - LONG'!$E:$E,"FBL",'Mango Blocks - 09.05 - LONG'!$D:$D,$A9)/B9) -> NA | G9: =IF($B9=0,"NA",COUNTIFS('Mango Blocks - 09.05 - LONG'!$E:$E,"PRK",'Mango Blocks - 09.05 - LONG'!$D:$D,$A9)/B9) -> NA | H9: =IF($B9=0,"NA",COUNTIFS('Mango Blocks - 09.05 - LONG'!$E:$E,"FRK",'Mango Blocks - 09.05 - LONG'!$D:$D,$A9)/B9) -> NA | I9: =IF(C9="NA","NA",SUM(D9:H9)) -> NA | J9: =COUNTIFS('Mango Blocks - 13.06 - LONG'!$D:$D,$A9) -> 0 | K9: =IF(J9=0,"NA",COUNTIFS('Mango Blocks - 13.06 - LONG'!$E:$E,"H",'Mango Blocks - 13.06 - LONG'!$D:$D,$A9)) -> NA | L9: =IF(J9=0,"NA",COUNTIFS('Mango Blocks - 13.06 - LONG'!$E:$E,"H",'Mango Blocks - 13.06 - LONG'!$D:$D,$A9)/J9) -> NA | M9: =IF(J9=0,"NA",COUNTIFS('Mango Blocks - 13.06 - LONG'!$E:$E,"PBL",'Mango Blocks - 13.06 - LONG'!$D:$D,$A9)/J9) -> NA | N9: =IF(J9=0,"NA",COUNTIFS('Mango Blocks - 13.06 - LONG'!$E:$E,"FBL",'Mango Blocks - 13.06 - LONG'!$D:$D,$A9)/J9) -> NA | O9: =IF(J9=0,"NA",COUNTIFS('Mango Blocks - 13.06 - LONG'!$E:$E,"PRK",'Mango Blocks - 13.06 - LONG'!$D:$D,$A9)/J9) -> NA | P9: =IF(J9=0,"NA",COUNTIFS('Mango Blocks - 13.06 - LONG'!$E:$E,"FRK",'Mango Blocks - 13.06 - LONG'!$D:$D,$A9)/J9) -> NA | Q9: =IF(K9="NA","NA",SUM(L9:P9)) -> NA | R9: =COUNTIFS('Mango Blocks - 03.08 - LONG'!$D:$D,$A9) -> 0 | S9: =IF(R9=0,"NA",COUNTIFS('Mango Blocks - 03.08 - LONG'!$E:$E,"H",'Mango Blocks - 03.08 - LONG'!$D:$D,$A9)) -> NA | T9: =IF(R9=0,"NA",COUNTIFS('Mango Blocks - 03.08 - LONG'!$E:$E,"H",'Mango Blocks - 03.08 - LONG'!$D:$D,$A9)/R9) -> NA | U9: =IF(R9=0,"NA",COUNTIFS('Mango Blocks - 03.08 - LONG'!$E:$E,"PBL",'Mango Blocks - 03.08 - LONG'!$D:$D,$A9)/R9) -> NA | V9: =IF(R9=0,"NA",COUNTIFS('Mango Blocks - 03.08 - LONG'!$E:$E,"FBL",'Mango Blocks - 03.08 - LONG'!$D:$D,$A9)/R9) -> NA | W9: =IF(R9=0,"NA",COUNTIFS('Mango Blocks - 03.08 - LONG'!$E:$E,"PRK",'Mango Blocks - 03.08 - LONG'!$D:$D,$A9)/R9) -> NA | X9: =IF(R9=0,"NA",COUNTIFS('Mango Blocks - 03.08 - LONG'!$E:$E,"FRK",'Mango Blocks - 03.08 - LONG'!$D:$D,$A9)/R9) -> NA | Y9: =IF(S9="NA","NA",SUM(T9:X9)) -> NA | Z9: =COUNTIFS('Mango Blocks - 27.08 - LONG'!$D:$D,$A9) -> 0 | AA9: =IF(Z9=0,"NA",COUNTIFS('Mango Blocks - 27.08 - LONG'!$E:$E,"H",'Mango Blocks - 27.08 - LONG'!$D:$D,$A9)) -> NA | AB9: =IF(Z9=0,"NA",COUNTIFS('Mango Blocks - 27.08 - LONG'!$E:$E,"H",'Mango Blocks - 27.08 - LONG'!$D:$D,$A9)/Z9) -> NA | AC9: =IF(Z9=0,"NA",COUNTIFS('Mango Blocks - 27.08 - LONG'!$E:$E,"PBL",'Mango Blocks - 27.08 - LONG'!$D:$D,$A9)/Z9) -> NA | AD9: =IF(Z9=0,"NA",COUNTIFS('Mango Blocks - 27.08 - LONG'!$E:$E,"FBL",'Mango Blocks - 27.08 - LONG'!$D:$D,$A9)/Z9) -> NA | AE9: =IF(Z9=0,"NA",COUNTIFS('Mango Blocks - 27.08 - LONG'!$E:$E,"PRK",'Mango Blocks - 27.08 - LONG'!$D:$D,$A9)/Z9) -> NA | AF9: =IF(Z9=0,"NA",COUNTIFS('Mango Blocks - 27.08 - LONG'!$E:$E,"FRK",'Mango Blocks - 27.08 - LONG'!$D:$D,$A9)/Z9) -> NA | AG9: =IF(Z9=0,"NA",COUNTIFS('Mango Blocks - 27.08 - LONG'!$E:$E,"DIS",'Mango Blocks - 27.08 - LONG'!$D:$D,$A9)/Z9) -> NA | AH9: =IF(AA9="NA","NA",SUM(AB9:AG9)) -> NA
A10: COSCIN | B10: =COUNTIFS('Mango Blocks - 09.05 - LONG'!$D:$D,$A10) -> 0 | C10: =IF($B10=0,"NA",COUNTIFS('Mango Blocks - 09.05 - LONG'!$E:$E,"H",'Mango Blocks - 09.05 - LONG'!$D:$D,$A10)) -> NA | D10: =IF($B10=0,"NA",COUNTIFS('Mango Blocks - 09.05 - LONG'!$E:$E,"H",'Mango Blocks - 09.05 - LONG'!$D:$D,$A10)/B10) -> NA | E10: =IF($B10=0,"NA",COUNTIFS('Mango Blocks - 09.05 - LONG'!$E:$E,"PBL",'Mango Blocks - 09.05 - LONG'!$D:$D,$A10)/B10) -> NA | F10: =IF($B10=0,"NA",COUNTIFS('Mango Blocks - 09.05 - LONG'!$E:$E,"FBL",'Mango Blocks - 09.05 - LONG'!$D:$D,$A10)/B10) -> NA | G10: =IF($B10=0,"NA",COUNTIFS('Mango Blocks - 09.05 - LONG'!$E:$E,"PRK",'Mango Blocks - 09.05 - LONG'!$D:$D,$A10)/B10) -> NA | H10: =IF($B10=0,"NA",COUNTIFS('Mango Blocks - 09.05 - LONG'!$E:$E,"FRK",'Mango Blocks - 09.05 - LONG'!$D:$D,$A10)/B10) -> NA | I10: =IF(C10="NA","NA",SUM(D10:H10)) -> NA | J10: =COUNTIFS('Mango Blocks - 13.06 - LONG'!$D:$D,$A10) -> 0 | K10: =IF(J10=0,"NA",COUNTIFS('Mango Blocks - 13.06 - LONG'!$E:$E,"H",'Mango Blocks - 13.06 - LONG'!$D:$D,$A10)) -> NA | L10: =IF(J10=0,"NA",COUNTIFS('Mango Blocks - 13.06 - LONG'!$E:$E,"H",'Mango Blocks - 13.06 - LONG'!$D:$D,$A10)/J10) -> NA | M10: =IF(J10=0,"NA",COUNTIFS('Mango Blocks - 13.06 - LONG'!$E:$E,"PBL",'Mango Blocks - 13.06 - LONG'!$D:$D,$A10)/J10) -> NA | N10: =IF(J10=0,"NA",COUNTIFS('Mango Blocks - 13.06 - LONG'!$E:$E,"FBL",'Mango Blocks - 13.06 - LONG'!$D:$D,$A10)/J10) -> NA | O10: =IF(J10=0,"NA",COUNTIFS('Mango Blocks - 13.06 - LONG'!$E:$E,"PRK",'Mango Blocks - 13.06 - LONG'!$D:$D,$A10)/J10) -> NA | P10: =IF(J10=0,"NA",COUNTIFS('Mango Blocks - 13.06 - LONG'!$E:$E,"FRK",'Mango Blocks - 13.06 - LONG'!$D:$D,$A10)/J10) -> NA | Q10: =IF(K10="NA","NA",SUM(L10:P10)) -> NA | R10: =COUNTIFS('Mango Blocks - 03.08 - LONG'!$D:$D,$A10) -> 0 | S10: =IF(R10=0,"NA",COUNTIFS('Mango Blocks - 03.08 - LONG'!$E:$E,"H",'Mango Blocks - 03.08 - LONG'!$D:$D,$A10)) -> NA | T10: =IF(R10=0,"NA",COUNTIFS('Mango Blocks - 03.08 - LONG'!$E:$E,"H",'Mango Blocks - 03.08 - LONG'!$D:$D,$A10)/R10) -> NA | U10: =IF(R10=0,"NA",COUNTIFS('Mango Blocks - 03.08 - LONG'!$E:$E,"PBL",'Mango Blocks - 03.08 - LONG'!$D:$D,$A10)/R10) -> NA | V10: =IF(R10=0,"NA",COUNTIFS('Mango Blocks - 03.08 - LONG'!$E:$E,"FBL",'Mango Blocks - 03.08 - LONG'!$D:$D,$A10)/R10) -> NA | W10: =IF(R10=0,"NA",COUNTIFS('Mango Blocks - 03.08 - LONG'!$E:$E,"PRK",'Mango Blocks - 03.08 - LONG'!$D:$D,$A10)/R10) -> NA | X10: =IF(R10=0,"NA",COUNTIFS('Mango Blocks - 03.08 - LONG'!$E:$E,"FRK",'Mango Blocks - 03.08 - LONG'!$D:$D,$A10)/R10) -> NA | Y10: =IF(S10="NA","NA",SUM(T10:X10)) -> NA | Z10: =COUNTIFS('Mango Blocks - 27.08 - LONG'!$D:$D,$A10) -> 0 | AA10: =IF(Z10=0,"NA",COUNTIFS('Mango Blocks - 27.08 - LONG'!$E:$E,"H",'Mango Blocks - 27.08 - LONG'!$D:$D,$A10)) -> NA | AB10: =IF(Z10=0,"NA",COUNTIFS('Mango Blocks - 27.08 - LONG'!$E:$E,"H",'Mango Blocks - 27.08 - LONG'!$D:$D,$A10)/Z10) -> NA | AC10: =IF(Z10=0,"NA",COUNTIFS('Mango Blocks - 27.08 - LONG'!$E:$E,"PBL",'Mango Blocks - 27.08 - LONG'!$D:$D,$A10)/Z10) -> NA | AD10: =IF(Z10=0,"NA",COUNTIFS('Mango Blocks - 27.08 - LONG'!$E:$E,"FBL",'Mango Blocks - 27.08 - LONG'!$D:$D,$A10)/Z10) -> NA | AE10: =IF(Z10=0,"NA",COUNTIFS('Mango Blocks - 27.08 - LONG'!$E:$E,"PRK",'Mango Blocks - 27.08 - LONG'!$D:$D,$A10)/Z10) -> NA | AF10: =IF(Z10=0,"NA",COUNTIFS('Mango Blocks - 27.08 - LONG'!$E:$E,"FRK",'Mango Blocks - 27.08 - LONG'!$D:$D,$A10)/Z10) -> NA | AG10: =IF(Z10=0,"NA",COUNTIFS('Mango Blocks - 27.08 - LONG'!$E:$E,"DIS",'Mango Blocks - 27.08 - LONG'!$D:$D,$A10)/Z10) -> NA | AH10: =IF(AA10="NA","NA",SUM(AB10:AG10)) -> NA
A11: CTEN | B11: =COUNTIFS('Mango Blocks - 09.05 - LONG'!$D:$D,$A11) -> 0 | C11: =IF($B11=0,"NA",COUNTIFS('Mango Blocks - 09.05 - LONG'!$E:$E,"H",'Mango Blocks - 09.05 - LONG'!$D:$D,$A11)) -> NA | D11: =IF($B11=0,"NA",COUNTIFS('Mango Blocks - 09.05 - LONG'!$E:$E,"H",'Mango Blocks - 09.05 - LONG'!$D:$D,$A11)/B11) -> NA | E11: =IF($B11=0,"NA",COUNTIFS('Mango Blocks - 09.05 - LONG'!$E:$E,"PBL",'Mango Blocks - 09.05 - LONG'!$D:$D,$A11)/B11) -> NA | F11: =IF($B11=0,"NA",COUNTIFS('Mango Blocks - 09.05 - LONG'!$E:$E,"FBL",'Mango Blocks - 09.05 - LONG'!$D:$D,$A11)/B11) -> NA | G11: =IF($B11=0,"NA",COUNTIFS('Mango Blocks - 09.05 - LONG'!$E:$E,"PRK",'Mango Blocks - 09.05 - LONG'!$D:$D,$A11)/B11) -> NA | H11: =IF($B11=0,"NA",COUNTIFS('Mango Blocks - 09.05 - LONG'!$E:$E,"FRK",'Mango Blocks - 09.05 - LONG'!$D:$D,$A11)/B11) -> NA | I11: =IF(C11="NA","NA",SUM(D11:H11)) -> NA | J11: =COUNTIFS('Mango Blocks - 13.06 - LONG'!$D:$D,$A11) -> 0 | K11: =IF(J11=0,"NA",COUNTIFS('Mango Blocks - 13.06 - LONG'!$E:$E,"H",'Mango Blocks - 13.06 - LONG'!$D:$D,$A11)) -> NA | L11: =IF(J11=0,"NA",COUNTIFS('Mango Blocks - 13.06 - LONG'!$E:$E,"H",'Mango Blocks - 13.06 - LONG'!$D:$D,$A11)/J11) -> NA | M11: =IF(J11=0,"NA",COUNTIFS('Mango Blocks - 13.06 - LONG'!$E:$E,"PBL",'Mango Blocks - 13.06 - LONG'!$D:$D,$A11)/J11) -> NA | N11: =IF(J11=0,"NA",COUNTIFS('Mango Blocks - 13.06 - LONG'!$E:$E,"FBL",'Mango Blocks - 13.06 - LONG'!$D:$D,$A11)/J11) -> NA | O11: =IF(J11=0,"NA",COUNTIFS('Mango Blocks - 13.06 - LONG'!$E:$E,"PRK",'Mango Blocks - 13.06 - LONG'!$D:$D,$A11)/J11) -> NA | P11: =IF(J11=0,"NA",COUNTIFS('Mango Blocks - 13.06 - LONG'!$E:$E,"FRK",'Mango Blocks - 13.06 - LONG'!$D:$D,$A11)/J11) -> NA | Q11: =IF(K11="NA","NA",SUM(L11:P11)) -> NA | R11: =COUNTIFS('Mango Blocks - 03.08 - LONG'!$D:$D,$A11) -> 0 | S11: =IF(R11=0,"NA",COUNTIFS('Mango Blocks - 03.08 - LONG'!$E:$E,"H",'Mango Blocks - 03.08 - LONG'!$D:$D,$A11)) -> NA | T11: =IF(R11=0,"NA",COUNTIFS('Mango Blocks - 03.08 - LONG'!$E:$E,"H",'Mango Blocks - 03.08 - LONG'!$D:$D,$A11)/R11) -> NA | U11: =IF(R11=0,"NA",COUNTIFS('Mango Blocks - 03.08 - LONG'!$E:$E,"PBL",'Mango Blocks - 03.08 - LONG'!$D:$D,$A11)/R11) -> NA | V11: =IF(R11=0,"NA",COUNTIFS('Mango Blocks - 03.08 - LONG'!$E:$E,"FBL",'Mango Blocks - 03.08 - LONG'!$D:$D,$A11)/R11) -> NA | W11: =IF(R11=0,"NA",COUNTIFS('Mango Blocks - 03.08 - LONG'!$E:$E,"PRK",'Mango Blocks - 03.08 - LONG'!$D:$D,$A11)/R11) -> NA | X11: =IF(R11=0,"NA",COUNTIFS('Mango Blocks - 03.08 - LONG'!$E:$E,"FRK",'Mango Blocks - 03.08 - LONG'!$D:$D,$A11)/R11) -> NA | Y11: =IF(S11="NA","NA",SUM(T11:X11)) -> NA | Z11: =COUNTIFS('Mango Blocks - 27.08 - LONG'!$D:$D,$A11) -> 0 | AA11: =IF(Z11=0,"NA",COUNTIFS('Mango Blocks - 27.08 - LONG'!$E:$E,"H",'Mango Blocks - 27.08 - LONG'!$D:$D,$A11)) -> NA | AB11: =IF(Z11=0,"NA",COUNTIFS('Mango Blocks - 27.08 - LONG'!$E:$E,"H",'Mango Blocks - 27.08 - LONG'!$D:$D,$A11)/Z11) -> NA | AC11: =IF(Z11=0,"NA",COUNTIFS('Mango Blocks - 27.08 - LONG'!$E:$E,"PBL",'Mango Blocks - 27.08 - LONG'!$D:$D,$A11)/Z11) -> NA | AD11: =IF(Z11=0,"NA",COUNTIFS('Mango Blocks - 27.08 - LONG'!$E:$E,"FBL",'Mango Blocks - 27.08 - LONG'!$D:$D,$A11)/Z11) -> NA | AE11: =IF(Z11=0,"NA",COUNTIFS('Mango Blocks - 27.08 - LONG'!$E:$E,"PRK",'Mango Blocks - 27.08 - LONG'!$D:$D,$A11)/Z11) -> NA | AF11: =IF(Z11=0,"NA",COUNTIFS('Mango Blocks - 27.08 - LONG'!$E:$E,"FRK",'Mango Blocks - 27.08 - LONG'!$D:$D,$A11)/Z11) -> NA | AG11: =IF(Z11=0,"NA",COUNTIFS('Mango Blocks - 27.08 - LONG'!$E:$E,"DIS",'Mango Blocks - 27.08 - LONG'!$D:$D,$A11)/Z11) -> NA | AH11: =IF(AA11="NA","NA",SUM(AB11:AG11)) -> NA
A12: CYCLO | B12: =COUNTIFS('Mango Blocks - 09.05 - LONG'!$D:$D,$A12) -> 0 | C12: =IF($B12=0,"NA",COUNTIFS('Mango Blocks - 09.05 - LONG'!$E:$E,"H",'Mango Blocks - 09.05 - LONG'!$D:$D,$A12)) -> NA | D12: =IF($B12=0,"NA",COUNTIFS('Mango Blocks - 09.05 - LONG'!$E:$E,"H",'Mango Blocks - 09.05 - LONG'!$D:$D,$A12)/B12) -> NA | E12: =IF($B12=0,"NA",COUNTIFS('Mango Blocks - 09.05 - LONG'!$E:$E,"PBL",'Mango Blocks - 09.05 - LONG'!$D:$D,$A12)/B12) -> NA | F12: =IF($B12=0,"NA",COUNTIFS('Mango Blocks - 09.05 - LONG'!$E:$E,"FBL",'Mango Blocks - 09.05 - LONG'!$D:$D,$A12)/B12) -> NA | G12: =IF($B12=0,"NA",COUNTIFS('Mango Blocks - 09.05 - LONG'!$E:$E,"PRK",'Mango Blocks - 09.05 - LONG'!$D:$D,$A12)/B12) -> NA | H12: =IF($B12=0,"NA",COUNTIFS('Mango Blocks - 09.05 - LONG'!$E:$E,"FRK",'Mango Blocks - 09.05 - LONG'!$D:$D,$A12)/B12) -> NA | I12: =IF(C12="NA","NA",SUM(D12:H12)) -> NA | J12: =COUNTIFS('Mango Blocks - 13.06 - LONG'!$D:$D,$A12) -> 0 | K12: =IF(J12=0,"NA",COUNTIFS('Mango Blocks - 13.06 - LONG'!$E:$E,"H",'Mango Blocks - 13.06 - LONG'!$D:$D,$A12)) -> NA | L12: =IF(J12=0,"NA",COUNTIFS('Mango Blocks - 13.06 - LONG'!$E:$E,"H",'Mango Blocks - 13.06 - LONG'!$D:$D,$A12)/J12) -> NA | M12: =IF(J12=0,"NA",COUNTIFS('Mango Blocks - 13.06 - LONG'!$E:$E,"PBL",'Mango Blocks - 13.06 - LONG'!$D:$D,$A12)/J12) -> NA | N12: =IF(J12=0,"NA",COUNTIFS('Mango Blocks - 13.06 - LONG'!$E:$E,"FBL",'Mango Blocks - 13.06 - LONG'!$D:$D,$A12)/J12) -> NA | O12: =IF(J12=0,"NA",COUNTIFS('Mango Blocks - 13.06 - LONG'!$E:$E,"PRK",'Mango Blocks - 13.06 - LONG'!$D:$D,$A12)/J12) -> NA | P12: =IF(J12=0,"NA",COUNTIFS('Mango Blocks - 13.06 - LONG'!$E:$E,"FRK",'Mango Blocks - 13.06 - LONG'!$D:$D,$A12)/J12) -> NA | Q12: =IF(K12="NA","NA",SUM(L12:P12)) -> NA | R12: =COUNTIFS('Mango Blocks - 03.08 - LONG'!$D:$D,$A12) -> 1 | S12: =IF(R12=0,"NA",COUNTIFS('Mango Blocks - 03.08 - LONG'!$E:$E,"H",'Mango Blocks - 03.08 - LONG'!$D:$D,$A12)) -> 0 | T12: =IF(R12=0,"NA",COUNTIFS('Mango Blocks - 03.08 - LONG'!$E:$E,"H",'Mango Blocks - 03.08 - LONG'!$D:$D,$A12)/R12) -> 0 | U12: =IF(R12=0,"NA",COUNTIFS('Mango Blocks - 03.08 - LONG'!$E:$E,"PBL",'Mango Blocks - 03.08 - LONG'!$D:$D,$A12)/R12) -> 1 | V12: =IF(R12=0,"NA",COUNTIFS('Mango Blocks - 03.08 - LONG'!$E:$E,"FBL",'Mango Blocks - 03.08 - LONG'!$D:$D,$A12)/R12) -> 0 | W12: =IF(R12=0,"NA",COUNTIFS('Mango Blocks - 03.08 - LONG'!$E:$E,"PRK",'Mango Blocks - 03.08 - LONG'!$D:$D,$A12)/R12) -> 0 | X12: =IF(R12=0,"NA",COUNTIFS('Mango Blocks - 03.08 - LONG'!$E:$E,"FRK",'Mango Blocks - 03.08 - LONG'!$D:$D,$A12)/R12) -> 0 | Y12: =IF(S12="NA","NA",SUM(T12:X12)) -> 1 | Z12: =COUNTIFS('Mango Blocks - 27.08 - LONG'!$D:$D,$A12) -> 0 | AA12: =IF(Z12=0,"NA",COUNTIFS('Mango Blocks - 27.08 - LONG'!$E:$E,"H",'Mango Blocks - 27.08 - LONG'!$D:$D,$A12)) -> NA | AB12: =IF(Z12=0,"NA",COUNTIFS('Mango Blocks - 27.08 - LONG'!$E:$E,"H",'Mango Blocks - 27.08 - LONG'!$D:$D,$A12)/Z12) -> NA | AC12: =IF(Z12=0,"NA",COUNTIFS('Mango Blocks - 27.08 - LONG'!$E:$E,"PBL",'Mango Blocks - 27.08 - LONG'!$D:$D,$A12)/Z12) -> NA | AD12: =IF(Z12=0,"NA",COUNTIFS('Mango Blocks - 27.08 - LONG'!$E:$E,"FBL",'Mango Blocks - 27.08 - LONG'!$D:$D,$A12)/Z12) -> NA | AE12: =IF(Z12=0,"NA",COUNTIFS('Mango Blocks - 27.08 - LONG'!$E:$E,"PRK",'Mango Blocks - 27.08 - LONG'!$D:$D,$A12)/Z12) -> NA | AF12: =IF(Z12=0,"NA",COUNTIFS('Mango Blocks - 27.08 - LONG'!$E:$E,"FRK",'Mango Blocks - 27.08 - LONG'!$D:$D,$A12)/Z12) -> NA | AG12: =IF(Z12=0,"NA",COUNTIFS('Mango Blocks - 27.08 - LONG'!$E:$E,"DIS",'Mango Blocks - 27.08 - LONG'!$D:$D,$A12)/Z12) -> NA | AH12: =IF(AA12="NA","NA",SUM(AB12:AG12)) -> NA
A13: CYPH | B13: =COUNTIFS('Mango Blocks - 09.05 - LONG'!$D:$D,$A13) -> 0 | C13: =IF($B13=0,"NA",COUNTIFS('Mango Blocks - 09.05 - LONG'!$E:$E,"H",'Mango Blocks - 09.05 - LONG'!$D:$D,$A13)) -> NA | D13: =IF($B13=0,"NA",COUNTIFS('Mango Blocks - 09.05 - LONG'!$E:$E,"H",'Mango Blocks - 09.05 - LONG'!$D:$D,$A13)/B13) -> NA | E13: =IF($B13=0,"NA",COUNTIFS('Mango Blocks - 09.05 - LONG'!$E:$E,"PBL",'Mango Blocks - 09.05 - LONG'!$D:$D,$A13)/B13) -> NA | F13: =IF($B13=0,"NA",COUNTIFS('Mango Blocks - 09.05 - LONG'!$E:$E,"FBL",'Mango Blocks - 09.05 - LONG'!$D:$D,$A13)/B13) -> NA | G13: =IF($B13=0,"NA",COUNTIFS('Mango Blocks - 09.05 - LONG'!$E:$E,"PRK",'Mango Blocks - 09.05 - LONG'!$D:$D,$A13)/B13) -> NA | H13: =IF($B13=0,"NA",COUNTIFS('Mango Blocks - 09.05 - LONG'!$E:$E,"FRK",'Mango Blocks - 09.05 - LONG'!$D:$D,$A13)/B13) -> NA | I13: =IF(C13="NA","NA",SUM(D13:H13)) -> NA | J13: =COUNTIFS('Mango Blocks - 13.06 - LONG'!$D:$D,$A13) -> 0 | K13: =IF(J13=0,"NA",COUNTIFS('Mango Blocks - 13.06 - LONG'!$E:$E,"H",'Mango Blocks - 13.06 - LONG'!$D:$D,$A13)) -> NA | L13: =IF(J13=0,"NA",COUNTIFS('Mango Blocks - 13.06 - LONG'!$E:$E,"H",'Mango Blocks - 13.06 - LONG'!$D:$D,$A13)/J13) -> NA | M13: =IF(J13=0,"NA",COUNTIFS('Mango Blocks - 13.06 - LONG'!$E:$E,"PBL",'Mango Blocks - 13.06 - LONG'!$D:$D,$A13)/J13) -> NA | N13: =IF(J13=0,"NA",COUNTIFS('Mango Blocks - 13.06 - LONG'!$E:$E,"FBL",'Mango Blocks - 13.06 - LONG'!$D:$D,$A13)/J13) -> NA | O13: =IF(J13=0,"NA",COUNTIFS('Mango Blocks - 13.06 - LONG'!$E:$E,"PRK",'Mango Blocks - 13.06 - LONG'!$D:$D,$A13)/J13) -> NA | P13: =IF(J13=0,"NA",COUNTIFS('Mango Blocks - 13.06 - LONG'!$E:$E,"FRK",'Mango Blocks - 13.06 - LONG'!$D:$D,$A13)/J13) -> NA | Q13: =IF(K13="NA","NA",SUM(L13:P13)) -> NA | R13: =COUNTIFS('Mango Blocks - 03.08 - LONG'!$D:$D,$A13) -> 0 | S13: =IF(R13=0,"NA",COUNTIFS('Mango Blocks - 03.08 - LONG'!$E:$E,"H",'Mango Blocks - 03.08 - LONG'!$D:$D,$A13)) -> NA | T13: =IF(R13=0,"NA",COUNTIFS('Mango Blocks - 03.08 - LONG'!$E:$E,"H",'Mango Blocks - 03.08 - LONG'!$D:$D,$A13)/R13) -> NA | U13: =IF(R13=0,"NA",COUNTIFS('Mango Blocks - 03.08 - LONG'!$E:$E,"PBL",'Mango Blocks - 03.08 - LONG'!$D:$D,$A13)/R13) -> NA | V13: =IF(R13=0,"NA",COUNTIFS('Mango Blocks - 03.08 - LONG'!$E:$E,"FBL",'Mango Blocks - 03.08 - LONG'!$D:$D,$A13)/R13) -> NA | W13: =IF(R13=0,"NA",COUNTIFS('Mango Blocks - 03.08 - LONG'!$E:$E,"PRK",'Mango Blocks - 03.08 - LONG'!$D:$D,$A13)/R13) -> NA | X13: =IF(R13=0,"NA",COUNTIFS('Mango Blocks - 03.08 - LONG'!$E:$E,"FRK",'Mango Blocks - 03.08 - LONG'!$D:$D,$A13)/R13) -> NA | Y13: =IF(S13="NA","NA",SUM(T13:X13)) -> NA | Z13: =COUNTIFS('Mango Blocks - 27.08 - LONG'!$D:$D,$A13) -> 0 | AA13: =IF(Z13=0,"NA",COUNTIFS('Mango Blocks - 27.08 - LONG'!$E:$E,"H",'Mango Blocks - 27.08 - LONG'!$D:$D,$A13)) -> NA | AB13: =IF(Z13=0,"NA",COUNTIFS('Mango Blocks - 27.08 - LONG'!$E:$E,"H",'Mango Blocks - 27.08 - LONG'!$D:$D,$A13)/Z13) -> NA | AC13: =IF(Z13=0,"NA",COUNTIFS('Mango Blocks - 27.08 - LONG'!$E:$E,"PBL",'Mango Blocks - 27.08 - LONG'!$D:$D,$A13)/Z13) -> NA | AD13: =IF(Z13=0,"NA",COUNTIFS('Mango Blocks - 27.08 - LONG'!$E:$E,"FBL",'Mango Blocks - 27.08 - LONG'!$D:$D,$A13)/Z13) -> NA | AE13: =IF(Z13=0,"NA",COUNTIFS('Mango Blocks - 27.08 - LONG'!$E:$E,"PRK",'Mango Blocks - 27.08 - LONG'!$D:$D,$A13)/Z13) -> NA | AF13: =IF(Z13=0,"NA",COUNTIFS('Mango Blocks - 27.08 - LONG'!$E:$E,"FRK",'Mango Blocks - 27.08 - LONG'!$D:$D,$A13)/Z13) -> NA | AG13: =IF(Z13=0,"NA",COUNTIFS('Mango Blocks - 27.08 - LONG'!$E:$E,"DIS",'Mango Blocks - 27.08 - LONG'!$D:$D,$A13)/Z13) -> NA | AH13: =IF(AA13="NA","NA",SUM(AB13:AG13)) -> NA
A14: DANA | B14: =COUNTIFS('Mango Blocks - 09.05 - LONG'!$D:$D,$A14) -> 0 | C14: =IF($B14=0,"NA",COUNTIFS('Mango Blocks - 09.05 - LONG'!$E:$E,"H",'Mango Blocks - 09.05 - LONG'!$D:$D,$A14)) -> NA | D14: =IF($B14=0,"NA",COUNTIFS('Mango Blocks - 09.05 - LONG'!$E:$E,"H",'Mango Blocks - 09.05 - LONG'!$D:$D,$A14)/B14) -> NA | E14: =IF($B14=0,"NA",COUNTIFS('Mango Blocks - 09.05 - LONG'!$E:$E,"PBL",'Mango Blocks - 09.05 - LONG'!$D:$D,$A14)/B14) -> NA | F14: =IF($B14=0,"NA",COUNTIFS('Mango Blocks - 09.05 - LONG'!$E:$E,"FBL",'Mango Blocks - 09.05 - LONG'!$D:$D,$A14)/B14) -> NA | G14: =IF($B14=0,"NA",COUNTIFS('Mango Blocks - 09.05 - LONG'!$E:$E,"PRK",'Mango Blocks - 09.05 - LONG'!$D:$D,$A14)/B14) -> NA | H14: =IF($B14=0,"NA",COUNTIFS('Mango Blocks - 09.05 - LONG'!$E:$E,"FRK",'Mango Blocks - 09.05 - LONG'!$D:$D,$A14)/B14) -> NA | I14: =IF(C14="NA","NA",SUM(D14:H14)) -> NA | J14: =COUNTIFS('Mango Blocks - 13.06 - LONG'!$D:$D,$A14) -> 0 | K14: =IF(J14=0,"NA",COUNTIFS('Mango Blocks - 13.06 - LONG'!$E:$E,"H",'Mango Blocks - 13.06 - LONG'!$D:$D,$A14)) -> NA | L14: =IF(J14=0,"NA",COUNTIFS('Mango Blocks - 13.06 - LONG'!$E:$E,"H",'Mango Blocks - 13.06 - LONG'!$D:$D,$A14)/J14) -> NA | M14: =IF(J14=0,"NA",COUNTIFS('Mango Blocks - 13.06 - LONG'!$E:$E,"PBL",'Mango Blocks - 13.06 - LONG'!$D:$D,$A14)/J14) -> NA | N14: =IF(J14=0,"NA",COUNTIFS('Mango Blocks - 13.06 - LONG'!$E:$E,"FBL",'Mango Blocks - 13.06 - LONG'!$D:$D,$A14)/J14) -> NA | O14: =IF(J14=0,"NA",COUNTIFS('Mango Blocks - 13.06 - LONG'!$E:$E,"PRK",'Mango Blocks - 13.06 - LONG'!$D:$D,$A14)/J14) -> NA | P14: =IF(J14=0,"NA",COUNTIFS('Mango Blocks - 13.06 - LONG'!$E:$E,"FRK",'Mango Blocks - 13.06 - LONG'!$D:$D,$A14)/J14) -> NA | Q14: =IF(K14="NA","NA",SUM(L14:P14)) -> NA | R14: =COUNTIFS('Mango Blocks - 03.08 - LONG'!$D:$D,$A14) -> 0 | S14: =IF(R14=0,"NA",COUNTIFS('Mango Blocks - 03.08 - LONG'!$E:$E,"H",'Mango Blocks - 03.08 - LONG'!$D:$D,$A14)) -> NA | T14: =IF(R14=0,"NA",COUNTIFS('Mango Blocks - 03.08 - LONG'!$E:$E,"H",'Mango Blocks - 03.08 - LONG'!$D:$D,$A14)/R14) -> NA | U14: =IF(R14=0,"NA",COUNTIFS('Mango Blocks - 03.08 - LONG'!$E:$E,"PBL",'Mango Blocks - 03.08 - LONG'!$D:$D,$A14)/R14) -> NA | V14: =IF(R14=0,"NA",COUNTIFS('Mango Blocks - 03.08 - LONG'!$E:$E,"FBL",'Mango Blocks - 03.08 - LONG'!$D:$D,$A14)/R14) -> NA | W14: =IF(R14=0,"NA",COUNTIFS('Mango Blocks - 03.08 - LONG'!$E:$E,"PRK",'Mango Blocks - 03.08 - LONG'!$D:$D,$A14)/R14) -> NA | X14: =IF(R14=0,"NA",COUNTIFS('Mango Blocks - 03.08 - LONG'!$E:$E,"FRK",'Mango Blocks - 03.08 - LONG'!$D:$D,$A14)/R14) -> NA | Y14: =IF(S14="NA","NA",SUM(T14:X14)) -> NA | Z14: =COUNTIFS('Mango Blocks - 27.08 - LONG'!$D:$D,$A14) -> 0 | AA14: =IF(Z14=0,"NA",COUNTIFS('Mango Blocks - 27.08 - LONG'!$E:$E,"H",'Mango Blocks - 27.08 - LONG'!$D:$D,$A14)) -> NA | AB14: =IF(Z14=0,"NA",COUNTIFS('Mango Blocks - 27.08 - LONG'!$E:$E,"H",'Mango Blocks - 27.08 - LONG'!$D:$D,$A14)/Z14) -> NA | AC14: =IF(Z14=0,"NA",COUNTIFS('Mango Blocks - 27.08 - LONG'!$E:$E,"PBL",'Mango Blocks - 27.08 - LONG'!$D:$D,$A14)/Z14) -> NA | AD14: =IF(Z14=0,"NA",COUNTIFS('Mango Blocks - 27.08 - LONG'!$E:$E,"FBL",'Mango Blocks - 27.08 - LONG'!$D:$D,$A14)/Z14) -> NA | AE14: =IF(Z14=0,"NA",COUNTIFS('Mango Blocks - 27.08 - LONG'!$E:$E,"PRK",'Mango Blocks - 27.08 - LONG'!$D:$D,$A14)/Z14) -> NA | AF14: =IF(Z14=0,"NA",COUNTIFS('Mango Blocks - 27.08 - LONG'!$E:$E,"FRK",'Mango Blocks - 27.08 - LONG'!$D:$D,$A14)/Z14) -> NA | AG14: =IF(Z14=0,"NA",COUNTIFS('Mango Blocks - 27.08 - LONG'!$E:$E,"DIS",'Mango Blocks - 27.08 - LONG'!$D:$D,$A14)/Z14) -> NA | AH14: =IF(AA14="NA","NA",SUM(AB14:AG14)) -> NA
... A58: TURB | B58: =COUNTIFS('Mango Blocks - 09.05 - LONG'!$D:$D,$A58) -> 0 | C58: =IF($B58=0,"NA",COUNTIFS('Mango Blocks - 09.05 - LONG'!$E:$E,"H",'Mango Blocks - 09.05 - LONG'!$D:$D,$A58)) -> NA | D58: =IF($B58=0,"NA",COUNTIFS('Mango Blocks - 09.05 - LONG'!$E:$E,"H",'Mango Blocks - 09.05 - LONG'!$D:$D,$A58)/B58) -> NA | E58: =IF($B58=0,"NA",COUNTIFS('Mango Blocks - 09.05 - LONG'!$E:$E,"PBL",'Mango Blocks - 09.05 - LONG'!$D:$D,$A58)/B58) -> NA | F58: =IF($B58=0,"NA",COUNTIFS('Mango Blocks - 09.05 - LONG'!$E:$E,"FBL",'Mango Blocks - 09.05 - LONG'!$D:$D,$A58)/B58) -> NA | G58: =IF($B58=0,"NA",COUNTIFS('Mango Blocks - 09.05 - LONG'!$E:$E,"PRK",'Mango Blocks - 09.05 - LONG'!$D:$D,$A58)/B58) -> NA | H58: =IF($B58=0,"NA",COUNTIFS('Mango Blocks - 09.05 - LONG'!$E:$E,"FRK",'Mango Blocks - 09.05 - LONG'!$D:$D,$A58)/B58) -> NA | I58: =IF(C58="NA","NA",SUM(D58:H58)) -> NA | J58: =COUNTIFS('Mango Blocks - 13.06 - LONG'!$D:$D,$A58) -> 0 | K58: =IF(J58=0,"NA",COUNTIFS('Mango Blocks - 13.06 - LONG'!$E:$E,"H",'Mango Blocks - 13.06 - LONG'!$D:$D,$A58)) -> NA | L58: =IF(J58=0,"NA",COUNTIFS('Mango Blocks - 13.06 - LONG'!$E:$E,"H",'Mango Blocks - 13.06 - LONG'!$D:$D,$A58)/J58) -> NA | M58: =IF(J58=0,"NA",COUNTIFS('Mango Blocks - 13.06 - LONG'!$E:$E,"PBL",'Mango Blocks - 13.06 - LONG'!$D:$D,$A58)/J58) -> NA | N58: =IF(J58=0,"NA",COUNTIFS('Mango Blocks - 13.06 - LONG'!$E:$E,"FBL",'Mango Blocks - 13.06 - LONG'!$D:$D,$A58)/J58) -> NA | O58: =IF(J58=0,"NA",COUNTIFS('Mango Blocks - 13.06 - LONG'!$E:$E,"PRK",'Mango Blocks - 13.06 - LONG'!$D:$D,$A58)/J58) -> NA | P58: =IF(J58=0,"NA",COUNTIFS('Mango Blocks - 13.06 - LONG'!$E:$E,"FRK",'Mango Blocks - 13.06 - LONG'!$D:$D,$A58)/J58) -> NA | Q58: =IF(K58="NA","NA",SUM(L58:P58)) -> NA | R58: =COUNTIFS('Mango Blocks - 03.08 - LONG'!$D:$D,$A58) -> 0 | S58: =IF(R58=0,"NA",COUNTIFS('Mango Blocks - 03.08 - LONG'!$E:$E,"H",'Mango Blocks - 03.08 - LONG'!$D:$D,$A58)) -> NA | T58: =IF(R58=0,"NA",COUNTIFS('Mango Blocks - 03.08 - LONG'!$E:$E,"H",'Mango Blocks - 03.08 - LONG'!$D:$D,$A58)/R58) -> NA | U58: =IF(R58=0,"NA",COUNTIFS('Mango Blocks - 03.08 - LONG'!$E:$E,"PBL",'Mango Blocks - 03.08 - LONG'!$D:$D,$A58)/R58) -> NA | V58: =IF(R58=0,"NA",COUNTIFS('Mango Blocks - 03.08 - LONG'!$E:$E,"FBL",'Mango Blocks - 03.08 - LONG'!$D:$D,$A58)/R58) -> NA | W58: =IF(R58=0,"NA",COUNTIFS('Mango Blocks - 03.08 - LONG'!$E:$E,"PRK",'Mango Blocks - 03.08 - LONG'!$D:$D,$A58)/R58) -> NA | X58: =IF(R58=0,"NA",COUNTIFS('Mango Blocks - 03.08 - LONG'!$E:$E,"FRK",'Mango Blocks - 03.08 - LONG'!$D:$D,$A58)/R58) -> NA | Y58: =IF(S58="NA","NA",SUM(T58:X58)) -> NA | Z58: =COUNTIFS('Mango Blocks - 27.08 - LONG'!$D:$D,$A58) -> 0 | AA58: =IF(Z58=0,"NA",COUNTIFS('Mango Blocks - 27.08 - LONG'!$E:$E,"H",'Mango Blocks - 27.08 - LONG'!$D:$D,$A58)) -> NA | AB58: =IF(Z58=0,"NA",COUNTIFS('Mango Blocks - 27.08 - LONG'!$E:$E,"H",'Mango Blocks - 27.08 - LONG'!$D:$D,$A58)/Z58) -> NA | AC58: =IF(Z58=0,"NA",COUNTIFS('Mango Blocks - 27.08 - LONG'!$E:$E,"PBL",'Mango Blocks - 27.08 - LONG'!$D:$D,$A58)/Z58) -> NA | AD58: =IF(Z58=0,"NA",COUNTIFS('Mango Blocks - 27.08 - LONG'!$E:$E,"FBL",'Mango Blocks - 27.08 - LONG'!$D:$D,$A58)/Z58) -> NA | AE58: =IF(Z58=0,"NA",COUNTIFS('Mango Blocks - 27.08 - LONG'!$E:$E,"PRK",'Mango Blocks - 27.08 - LONG'!$D:$D,$A58)/Z58) -> NA | AF58: =IF(Z58=0,"NA",COUNTIFS('Mango Blocks - 27.08 - LONG'!$E:$E,"FRK",'Mango Blocks - 27.08 - LONG'!$D:$D,$A58)/Z58) -> NA | AG58: =IF(Z58=0,"NA",COUNTIFS('Mango Blocks - 27.08 - LONG'!$E:$E,"DIS",'Mango Blocks - 27.08 - LONG'!$D:$D,$A58)/Z58) -> NA | AH58: =IF(AA58="NA","NA",SUM(AB58:AG58)) -> NA
A59: Total | B59: =SUM(B3:B58) -> 560 | J59: =SUM(J3:J58) -> 723 | R59: =SUM(R3:R58) -> 728 | Z59: =SUM(Z3:Z58) -> 212
A60: Avg. | B60: =AVERAGE(B3:B58) -> 10 | C60: =AVERAGE(C3:C58) -> 14.769231 | D60: =AVERAGE(D3:D58) -> 0.37236572 | E60: =AVERAGE(E3:E58) -> 0.39908161 | F60: =AVERAGE(F3:F58) -> 0.17220649 | G60: =AVERAGE(G3:G58) -> 0.035320778 | H60: =AVERAGE(H3:H58) -> 0.021025399 | J60: =AVERAGE(J3:J58) -> 12.910714 | K60: =AVERAGE(K3:K58) -> 16.909091 | L60: =AVERAGE(L3:L58) -> 0.20381612 | M60: =AVERAGE(M3:M58) -> 0.38589926 | N60: =AVERAGE(N3:N58) -> 0.33460936 | O60: =AVERAGE(O3:O58) -> 0.049613655 | P60: =AVERAGE(P3:P58) -> 0.023648086 | R60: =AVERAGE(R3:R58) -> 13 | S60: =AVERAGE(S3:S58) -> 23.230769 | T60: =AVERAGE(T3:T58) -> 0.414103 | U60: =AVERAGE(U3:U58) -> 0.39166772 | V60: =AVERAGE(V3:V58) -> 0.1463578 | W60: =AVERAGE(W3:W58) -> 0.016526451 | X60: =AVERAGE(X3:X58) -> 0.031345035 | Z60: =AVERAGE(Z3:Z58) -> 3.7857143 | AA60: =AVERAGE(AA3:AA58) -> 4.25 | AB60: =AVERAGE(AB3:AB58) -> 0.46809733 | AC60: =AVERAGE(AC3:AC58) -> 0.40617643 | AD60: =AVERAGE(AD3:AD58) -> 0.060677261 | AE60: =AVERAGE(AE3:AE58) -> 0.010547201 | AF60: =AVERAGE(AF3:AF58) -> 0.038054416 | AG60: =AVERAGE(AG3:AG58) -> 0.016447368
A61: Std. Dev | D61: =STDEV(D3:D58) -> 0.33678486 | E61: =STDEV(E3:E58) -> 0.28548984 | F61: =STDEV(F3:F58) -> 0.31849187 | G61: =STDEV(G3:G58) -> 0.043399075 | H61: =STDEV(H3:H58) -> 0.042926132 | L61: =STDEV(L3:L58) -> 0.26544824 | M61: =STDEV(M3:M58) -> 0.31985258 | N61: =STDEV(N3:N58) -> 0.33437914 | O61: =STDEV(O3:O58) -> 0.059410145 | P61: =STDEV(P3:P58) -> 0.051018365 | T61: =STDEV(T3:T58) -> 0.41303276 | U61: =STDEV(U3:U58) -> 0.37387538 | V61: =STDEV(V3:V58) -> 0.20394715 | W61: =STDEV(W3:W58) -> 0.028121474 | X61: =STDEV(X3:X58) -> 0.056233595 | AB61: =STDEV(AB3:AB58) -> 0.50569308 | AC61: =STDEV(AC3:AC58) -> 0.43621452 | AD61: =STDEV(AD3:AD58) -> 0.099130474 | AE61: =STDEV(AE3:AE58) -> 0.020311664 | AF61: =STDEV(AF3:AF58) -> 0.071545275 | AG61: =STDEV(AG3:AG58) -> 0.046520183

Sheet (Not4stats) AR Blocks Analysis 
B1: 09.05 | J1: 11.06 | R1: 03.08 | Z1: 27.08
A2: Quadrat | B2: Coral Count | C2: Healthy Count | D2: H | E2: PBL | F2: FBL | G2: PRK | H2: FRK | I2: TOTAL | J2: Coral Count | K2: Healthy Count | L2: H | M2: PBL | N2: FBL | O2: PRK | P2: FRK | Q2: TOTAL | R2: Coral Count | S2: Healthy Count | T2: H | U2: PBL | V2: FBL | W2: PRK | X2: FRK | Y2: TOTAL | Z2: Coral Count | AA2: Healthy Count | AB2: H | AC2: PBL | AD2: FBL | AE2: PRK | AF2: FRK | AG2: TOTAL
A3: Block1 | B3: =AVERAGEIF('AR Blocks Analysis - Quadrat-le'!B3:B12,"<>0") -> 11 | C3: =AVERAGEIF('AR Blocks Analysis - Quadrat-le'!C3:C12,"<>") -> 0.83333333 | D3: =AVERAGEIF('AR Blocks Analysis - Quadrat-le'!D3:D12,"<>") -> 0.19809942 | E3: =AVERAGEIF('AR Blocks Analysis - Quadrat-le'!E3:E12,"<>") -> 0.53398957 | F3: =AVERAGEIF('AR Blocks Analysis - Quadrat-le'!F3:F12,"<>") -> 0 | G3: =AVERAGEIF('AR Blocks Analysis - Quadrat-le'!G3:G12,"<>") -> 0.041666667 | H3: =AVERAGEIF('AR Blocks Analysis - Quadrat-le'!H3:H12,"<>") -> 0.22624434 | I3: =SUM(D3:H3) -> 1 | J3: =AVERAGEIF('AR Blocks Analysis - Quadrat-le'!J3:J12,"<>0") -> 15 | K3: =AVERAGEIF('AR Blocks Analysis - Quadrat-le'!K3:K12,"<>") -> 4.3333333 | L3: =AVERAGEIF('AR Blocks Analysis - Quadrat-le'!L3:L12,"<>") -> 0.21686311 | M3: =AVERAGEIF('AR Blocks Analysis - Quadrat-le'!M3:M12,"<>") -> 0.30026882 | N3: =AVERAGEIF('AR Blocks Analysis - Quadrat-le'!N3:N12,"<>") -> 0.26908602 | O3: =AVERAGEIF('AR Blocks Analysis - Quadrat-le'!O3:O12,"<>") -> 0.067948718 | P3: =AVERAGEIF('AR Blocks Analysis - Quadrat-le'!P3:P12,"<>") -> 0.14583333 | Q3: =SUM(L3:P3) -> 1 | R3: =AVERAGEIF('AR Blocks Analysis - Quadrat-le'!R3:R12,"<>0") -> 17.333333 | S3: =AVERAGEIF('AR Blocks Analysis - Quadrat-le'!S3:S12,"<>") -> 7 | T3: =AVERAGEIF('AR Blocks Analysis - Quadrat-le'!T3:T12,"<>") -> 0.44362745 | U3: =AVERAGEIF('AR Blocks Analysis - Quadrat-le'!U3:U12,"<>") -> 0.17503112 | V3: =AVERAGEIF('AR Blocks Analysis - Quadrat-le'!V3:V12,"<>") -> 0 | W3: =AVERAGEIF('AR Blocks Analysis - Quadrat-le'!W3:W12,"<>") -> 0.0098039216 | X3: =AVERAGEIF('AR Blocks Analysis - Quadrat-le'!X3:X12,"<>") -> 0.3715375 | Y3: =SUM(T3:X3) -> 1 | Z3: =AVERAGEIF('AR Blocks Analysis - Quadrat-le'!Z3:Z12,"<>0") -> 12.5 | AA3: =AVERAGEIF('AR Blocks Analysis - Quadrat-le'!AA3:AA12,"<>") -> 4 | AB3: =AVERAGEIF('AR Blocks Analysis - Quadrat-le'!AB3:AB12,"<>") -> 0.32575758 | AC3: =AVERAGEIF('AR Blocks Analysis - Quadrat-le'!AC3:AC12,"<>") -> 0.28462254 | AD3: =AVERAGEIF('AR Blocks Analysis - Quadrat-le'!AD3:AD12,"<>") -> 0.050438596 | AE3: =AVERAGEIF('AR Blocks Analysis - Quadrat-le'!AE3:AE12,"<>") -> 0.0087719298 | AF3: =AVERAGEIF('AR Blocks Analysis - Quadrat-le'!AF3:AF12,"<>") -> 0.33040936 | AG3: =SUM(AB3:AF3) -> 1
A4: Block2 | B4: =AVERAGEIF('AR Blocks Analysis - Quadrat-le'!B13:B22,"<>0") -> 9.5 | C4: =AVERAGEIF('AR Blocks Analysis - Quadrat-le'!C13:C22,"<>") -> 6.5 | D4: =AVERAGEIF('AR Blocks Analysis - Quadrat-le'!D13:D22,"<>") -> 0.38235294 | E4: =AVERAGEIF('AR Blocks Analysis - Quadrat-le'!E13:E22,"<>") -> 0.52941176 | F4: =AVERAGEIF('AR Blocks Analysis - Quadrat-le'!F13:F22,"<>") -> 0 | G4: =AVERAGEIF('AR Blocks Analysis - Quadrat-le'!G13:G22,"<>") -> 0.088235294 | H4: =AVERAGEIF('AR Blocks Analysis - Quadrat-le'!H13:H22,"<>") -> 0 | I4: =SUM(D4:H4) -> 1 | J4: =AVERAGEIF('AR Blocks Analysis - Quadrat-le'!J13:J22,"<>0") -> 12.5 | K4: =AVERAGEIF('AR Blocks Analysis - Quadrat-le'!K13:K22,"<>") -> 10 | L4: =AVERAGEIF('AR Blocks Analysis - Quadrat-le'!L13:L22,"<>") -> 0.41666667 | M4: =AVERAGEIF('AR Blocks Analysis - Quadrat-le'!M13:M22,"<>") -> 0.5625 | N4: =AVERAGEIF('AR Blocks Analysis - Quadrat-le'!N13:N22,"<>") -> 0 | O4: =AVERAGEIF('AR Blocks Analysis - Quadrat-le'!O13:O22,"<>") -> 0.020833333 | P4: =AVERAGEIF('AR Blocks Analysis - Quadrat-le'!P13:P22,"<>") -> 0 | Q4: =SUM(L4:P4) -> 1 | R4: =AVERAGEIF('AR Blocks Analysis - Quadrat-le'!R13:R22,"<>0") -> 11 | S4: =AVERAGEIF('AR Blocks Analysis - Quadrat-le'!S13:S22,"<>") -> 9 | T4: =AVERAGEIF('AR Blocks Analysis - Quadrat-le'!T13:T22,"<>") -> 0.5 | U4: =AVERAGEIF('AR Blocks Analysis - Quadrat-le'!U13:U22,"<>") -> 0.5 | V4: =AVERAGEIF('AR Blocks Analysis - Quadrat-le'!V13:V22,"<>") -> 0 | W4: =AVERAGEIF('AR Blocks Analysis - Quadrat-le'!W13:W22,"<>") -> 0 | X4: =AVERAGEIF('AR Blocks Analysis - Quadrat-le'!X13:X22,"<>") -> 0 | Y4: =SUM(T4:X4) -> 1 | Z4: =AVERAGEIF('AR Blocks Analysis - Quadrat-le'!Z13:Z22,"<>0") -> 16 | AA4: =AVERAGEIF('AR Blocks Analysis - Quadrat-le'!AA13:AA22,"<>") -> 7 | AB4: =AVERAGEIF('AR Blocks Analysis - Quadrat-le'!AB13:AB22,"<>") -> 0.4375 | AC4: =AVERAGEIF('AR Blocks Analysis - Quadrat-le'!AC13:AC22,"<>") -> 0 | AD4: =AVERAGEIF('AR Blocks Analysis - Quadrat-le'!AD13:AD22,"<>") -> 0 | AE4: =AVERAGEIF('AR Blocks Analysis - Quadrat-le'!AE13:AE22,"<>") -> 0.125 | AF4: =AVERAGEIF('AR Blocks Analysis - Quadrat-le'!AF13:AF22,"<>") -> 0.125 | AG4: =SUM(AB4:AF4) -> 0.6875
